"","ntaxa","obs","rand.mean","rand.sd","obs.rank","obs.z","obs.p","runs","summits","metric","clade","sig","pool","model"
"1","39","21.0016260769231","23.8213666915128","2.86077484002028","182",-0.985656254782272,"0.181818181818182","1000","All Summits","MNTD","Asterales",0,"Regional","RD"
"2","37","24.4117922432432","31.1490873414595","4.38762623202834","69",-1.53552165611464,"0.0689310689310689","1000","All Summits","MNTD","Poales",0,"Regional","RD"
"3","21","24.5402206666667","32.5433072683333","4.94441830558555","49",-1.61861034140777,"0.048951048951049","1000","All Summits","MNTD","Lamiales",1,"Regional","RD"
"4","19","44.4506242105263","46.9473891191053","8.10367440481525","384",-0.308102816556321,"0.383616383616384","1000","All Summits","MNTD","Caryophyllales",0,"Regional","RD"
"5","28","22.0372388928571","28.5036048543214","4.03990068764731","59",-1.60062498101409,"0.0589410589410589","1000","LGM","MNTD","Asterales",0,"Regional","RD"
"6","28","29.2269466785714","35.5471723588929","5.66032013184874","137",-1.11658449223739,"0.136863136863137","1000","LGM","MNTD","Poales",0,"Regional","RD"
"7","16","23.4475326875","36.2076010304375","6.06084792416876","21",-2.10532725826272,"0.020979020979021","1000","LGM","MNTD","Lamiales",1,"Regional","RD"
"8","17","55.1041172352941","49.5766440734706","8.70824882083519","731",0.634739920223524,"0.73026973026973","1000","LGM","MNTD","Caryophyllales",0,"Regional","RD"
"9","163","39.2903360490798","44.720495256362","3.22611742076853","48",-1.68318709428395,"0.047952047952048","1000","LGM","MNTD","Spermatophyta",1,"All Summits","RD"
"10","28","22.0372388928571","24.8655851343214","2.8039269452746","161",-1.00870896306012,"0.160839160839161","1000","LGM","MNTD","Asterales",0,"All Summits","RD"
"11","28","29.2269466785714","25.8785267381071","2.98362860355231","873",1.12226432488201,"0.872127872127872","1000","LGM","MNTD","Poales",0,"All Summits","RD"
"12","16","23.4475326875","27.599575453625","4.36330964660555","182",-0.951581047967818,"0.181818181818182","1000","LGM","MNTD","Lamiales",0,"All Summits","RD"
"13","17","55.1041172352941","46.9055962913529","5.56045509863458","856.5",1.47443344088048,"0.855644355644356","1000","LGM","MNTD","Caryophyllales",0,"All Summits","RD"
"14","5","57.0307056","72.6220291902","20.5941980502367","222",-0.75707359675609,"0.221778221778222","1000","Plat de la Selle","MNTD","Asterales",0,"All Summits","RD"
"15","7","27.2379847142857","62.279570103","16.257605819799","22",-2.1553964204274,"0.021978021978022","1000","Barre des Ecrins","MNTD","Asterales",1,"All Summits","RD"
"16","4","92.6499935","79.190583132","23.9000629217291","673",0.563153762903411,"0.672327672327672","1000","La Meije","MNTD","Asterales",0,"All Summits","RD"
"17","13","52.980313","42.1132915999231","8.2117660568387","902",1.32334766052267,"0.901098901098901","1000","Sirac","MNTD","Asterales",0,"All Summits","RD"
"18","10","35.1340201","49.9517879766","11.4754611399577","104",-1.29125685633707,"0.103896103896104","1000","Rouies","MNTD","Asterales",0,"All Summits","RD"
"19","10","46.4364548","50.2785181776","11.3322746606206","382",-0.339037262391025,"0.381618381618382","1000","Olan","MNTD","Asterales",0,"All Summits","RD"
"20","5","21.9574156","71.5638463764","21.0850712267038","6",-2.3526802562362,"0.00599400599400599","1000","Occidentale Ailefroide","MNTD","Asterales",1,"All Summits","RD"
"21","2","102.297246","104.182700763","42.5373213528322","379.5",-0.0443247177545767,"0.379120879120879","1000","Brevoort","MNTD","Asterales",0,"All Summits","RD"
"22","5","75.022142","72.4252788932","21.176510445149","550",0.122629415905248,"0.549450549450549","1000","Burlan","MNTD","Asterales",0,"All Summits","RD"
"23","31","22.3303287096774","23.3825770697419","2.04765228230605","323",-0.513880393246982,"0.322677322677323","1000","Rocher de la Selle","MNTD","Asterales",0,"All Summits","RD"
"24","3","95.550006","88.337764863","27.5750703527131","530.5",0.261549328605444,"0.52997002997003","1000","Choisy","MNTD","Asterales",0,"All Summits","RD"
"25","11","43.1066208181818","47.3310755601818","10.0833615839601","338",-0.418953015502286,"0.337662337662338","1000","Muraillette","MNTD","Asterales",0,"All Summits","RD"
"26","16","21.489481375","36.9525087668125","6.51658503795594","8",-2.37287280097595,"0.00799200799200799","1000","Rateau","MNTD","Asterales",1,"All Summits","RD"
"27","12","41.1383684166667","44.75973540875","9.14228310540756","351",-0.396111884780874,"0.350649350649351","1000","Lauvitel","MNTD","Asterales",0,"All Summits","RD"
"28","11","25.9544878181818","39.1052967402727","10.3040898658238","106",-1.27627079085451,"0.105894105894106","1000","Plat de la Selle","MNTD","Poales",0,"All Summits","RD"
"29","10","29.8450685","42.2057710085","11.550613045759","167",-1.07013389328616,"0.166833166833167","1000","Barre des Ecrins","MNTD","Poales",0,"All Summits","RD"
"30","6","61.8957431666667","59.4205263365","18.7699710850026","540",0.131871105126229,"0.53946053946054","1000","La Meije","MNTD","Poales",0,"All Summits","RD"
"31","14","25.9374470714286","34.2232784272857","8.14643602127162","180",-1.0171112047307,"0.17982017982018","1000","Sirac","MNTD","Poales",0,"All Summits","RD"
"32","5","35.4570098","67.2861939612","22.7128058994093","99.5",-1.40137613565516,"0.0994005994005994","1000","Rouies","MNTD","Poales",0,"All Summits","RD"
"33","9","39.4814854444444","45.8209000457778","13.3756186771506","323",-0.473953000182555,"0.322677322677323","1000","Olan","MNTD","Poales",0,"All Summits","RD"
"34","3","104.421407666667","96.7145617746667","39.3372026646571","670",0.195917487008406,"0.669330669330669","1000","Pelvoux","MNTD","Poales",0,"All Summits","RD"
"35","6","76.9152948333333","59.1737970658333","19.4606180707709","822",0.911661577395993,"0.821178821178821","1000","Occidentale Ailefroide","MNTD","Poales",0,"All Summits","RD"
"36","1",NA,NA,NA,"1",NA,"0.000999000999000999","1000","Brevoort","MNTD","Poales",0,"All Summits","RD"
"37","6","42.7851311666667","59.827520841","19.2479446184318","208",-0.885413482435605,"0.207792207792208","1000","Burlan","MNTD","Poales",0,"All Summits","RD"
"38","29","22.9304945172414","25.7646599361034","2.63077845520585","151",-1.07731056305929,"0.150849150849151","1000","Rocher de la Selle","MNTD","Poales",0,"All Summits","RD"
"39","2","28.14614","126.273378023","59.6535721470761","78.5",-1.64495158447623,"0.0784215784215784","1000","Choisy","MNTD","Poales",0,"All Summits","RD"
"40","11","43.4835065454545","39.4399705422727","10.7370524820557","630",0.376596464433751,"0.629370629370629","1000","Muraillette","MNTD","Poales",0,"All Summits","RD"
"41","22","29.9971900454545","27.6762538263182","4.51889852049031","684",0.513606625289859,"0.683316683316683","1000","Rateau","MNTD","Poales",0,"All Summits","RD"
"42","18","30.2268322222222","30.1373647682222","6.20593694004001","516",0.0144164297614376,"0.515484515484515","1000","Lauvitel","MNTD","Poales",0,"All Summits","RD"
"43","2","81.037318","68.450704332","21.6994169885123","522.5",0.580043863605338,"0.521978021978022","1000","Plat de la Selle","MNTD","Lamiales",0,"All Summits","RD"
"44","5","43.2287206","48.6020787878","14.5272868011041","352",-0.369880367983898,"0.351648351648352","1000","Barre des Ecrins","MNTD","Lamiales",0,"All Summits","RD"
"45","3","55.94445","60.8921081393333","18.25697929398","351",-0.271000917493769,"0.350649350649351","1000","La Meije","MNTD","Lamiales",0,"All Summits","RD"
"46","6","52.7989206666667","44.4861377371667","13.1183282256695","748.5",0.633677004150103,"0.747752247752248","1000","Sirac","MNTD","Lamiales",0,"All Summits","RD"
"47","5","31.2192722","48.3777088052","14.2566968707788","110",-1.20353520599633,"0.10989010989011","1000","Rouies","MNTD","Lamiales",0,"All Summits","RD"
"48","6","38.3382516666667","44.3398766303333","13.1621756718772","313",-0.455975145240612,"0.312687312687313","1000","Olan","MNTD","Lamiales",0,"All Summits","RD"
"49","2","73.188451","70.016559458","20.4174319166287","302",0.155352130226363,"0.301698301698302","1000","Pelvoux","MNTD","Lamiales",0,"All Summits","RD"
"50","4","49.871941","53.193573464","16.3389152027987","430",-0.203295777153616,"0.42957042957043","1000","Occidentale Ailefroide","MNTD","Lamiales",0,"All Summits","RD"
"51","1",NA,NA,NA,"1",NA,"0.000999000999000999","1000","Brevoort","MNTD","Lamiales",0,"All Summits","RD"
"52","5","39.7165756","49.2671641862","14.4868840383788","224.5",-0.659257612672158,"0.224275724275724","1000","Burlan","MNTD","Lamiales",0,"All Summits","RD"
"53","11","44.028217","32.9836823466364","7.64256685282065","933",1.4451341893447,"0.932067932067932","1000","Rocher de la Selle","MNTD","Lamiales",0,"All Summits","RD"
"54","2","81.03732","67.954229392","22.2468089315129","890",0.58808841520941,"0.889110889110889","1000","Choisy","MNTD","Lamiales",0,"All Summits","RD"
"55","5","46.8208744","49.1465550212","14.9354898384582","468",-0.15571505497004,"0.467532467532468","1000","Muraillette","MNTD","Lamiales",0,"All Summits","RD"
"56","9","35.1114107777778","36.3196340581111","9.51215307379784","467",-0.127018906335886,"0.466533466533467","1000","Rateau","MNTD","Lamiales",0,"All Summits","RD"
"57","8","30.18166575","38.32556375","10.292311775585","216",-0.791260328832891,"0.215784215784216","1000","Lauvitel","MNTD","Lamiales",0,"All Summits","RD"
"58","2","178.921875","125.269077542","55.8707596143918","701",0.960301915139516,"0.7002997002997","1000","Plat de la Selle","MNTD","Caryophyllales",0,"All Summits","RD"
"59","5","82.2739794","81.669286902","23.0587509521708","530",0.0262239918915937,"0.529470529470529","1000","Barre des Ecrins","MNTD","Caryophyllales",0,"All Summits","RD"
"60","5","103.6318858","81.8217203566","21.8457004356111","852.5",0.998373364483514,"0.851648351648352","1000","La Meije","MNTD","Caryophyllales",0,"All Summits","RD"
"61","7","50.3002828571429","70.8503797984286","16.887986031512","117",-1.21684710675035,"0.116883116883117","1000","Sirac","MNTD","Caryophyllales",0,"All Summits","RD"
"62","4","89.5062135","90.46554790325","26.0186782549437","498.5",-0.0368709891351885,"0.498001998001998","1000","Rouies","MNTD","Caryophyllales",0,"All Summits","RD"
"63","4","79.426166","87.9687574195","27.8789469006018","411",-0.306417292229772,"0.410589410589411","1000","Olan","MNTD","Caryophyllales",0,"All Summits","RD"
"64","1",NA,NA,NA,"1",NA,"0.000999000999000999","1000","Pelvoux","MNTD","Caryophyllales",0,"All Summits","RD"
"65","4","89.5062135","88.96275225825","26.8589460126085","511",0.0202339005221901,"0.510489510489511","1000","Occidentale Ailefroide","MNTD","Caryophyllales",0,"All Summits","RD"
"66","2","178.921876","121.836758262","57.392145597491","864",0.994650350561132,"0.863136863136863","1000","Brevoort","MNTD","Caryophyllales",0,"All Summits","RD"
"67","3","109.376035666667","97.7705211933333","36.8438990650714","584.5",0.314991484827282,"0.583916083916084","1000","Burlan","MNTD","Caryophyllales",0,"All Summits","RD"
"68","15","59.1581844666667","49.9823640638667","7.63473920507884","842.5",1.20185119050249,"0.841658341658342","1000","Rocher de la Selle","MNTD","Caryophyllales",0,"All Summits","RD"
"69","2","178.921876","124.217199809","54.8554224492304","860",0.997251935150625,"0.859140859140859","1000","Choisy","MNTD","Caryophyllales",0,"All Summits","RD"
"70","7","62.0234341428571","70.881235872","16.8582110091745","309.5",-0.525429520624835,"0.309190809190809","1000","Muraillette","MNTD","Caryophyllales",0,"All Summits","RD"
"71","6","98.0276456666667","75.4948151146667","19.2867674659834","873.5",1.16830519120126,"0.872627372627373","1000","Rateau","MNTD","Caryophyllales",0,"All Summits","RD"
"72","14","53.0126237142857","51.7946901857143","8.59446029021285","562",0.141711461504846,"0.561438561438561","1000","Lauvitel","MNTD","Caryophyllales",0,"All Summits","RD"
"73","5","39.20418","68.660191944","21.8028426426309","81",-1.35101704061309,"0.0809190809190809","1000","Plat de la Selle","MNTD","Asterales",0,"LGM","RD"
"74","7","29.8924897142857","57.2659399324286","16.9128437458898","41",-1.61850074590769,"0.040959040959041","1000","Barre des Ecrins","MNTD","Asterales",1,"LGM","RD"
"75","4","89.342366","76.848727952","26.1063042226459","638.5",0.47856785630968,"0.637862137862138","1000","La Meije","MNTD","Asterales",0,"LGM","RD"
"76","11","44.3349607272727","43.7016330620909","10.8924211193014","511",0.0581438835540028,"0.510489510489511","1000","Sirac","MNTD","Asterales",0,"LGM","RD"
"77","10","62.9076315","46.3445999102","12.2460926925417","909",1.35251561503266,"0.908091908091908","1000","Rouies","MNTD","Asterales",0,"LGM","RD"
"78","10","36.792821","46.4746888896","12.164379278239","243",-0.795919600017736,"0.242757242757243","1000","Olan","MNTD","Asterales",0,"LGM","RD"
"79","2","105.099755","104.18186813","43.135754341608","749",0.0212790267380262,"0.748251748251748","1000","Pelvoux","MNTD","Asterales",0,"LGM","RD"
"80","5","18.6103116","69.2748637586","21.5071774693074","6",-2.35570437966129,"0.00599400599400599","1000","Occidentale Ailefroide","MNTD","Asterales",1,"LGM","RD"
"81","2","102.297246","106.048637375","44.2377838261311","438",-0.0848006172674513,"0.437562437562438","1000","Brevoort","MNTD","Asterales",0,"LGM","RD"
"82","5","52.5699146","69.773166666","22.2054501721987","234",-0.774731065238141,"0.233766233766234","1000","Burlan","MNTD","Asterales",0,"LGM","RD"
"83","21","39.0266836190476","26.4955238362381","4.09011298597813","999",3.06376861122646,"0.998001998001998","1000","Rocher de la Selle","MNTD","Asterales",1,"LGM","RD"
"84","3","95.550005","86.701165833","28.7025379650162","520.5",0.308294659440407,"0.51998001998002","1000","Choisy","MNTD","Asterales",0,"LGM","RD"
"85","11","47.3667225454545","43.5302263887273","11.2592447961419","602",0.340741872673547,"0.601398601398601","1000","Muraillette","MNTD","Asterales",0,"LGM","RD"
"86","14","23.0587087142857","36.4358988931429","8.12598418337621","45",-1.64622399908477,"0.044955044955045","1000","Rateau","MNTD","Asterales",1,"LGM","RD"
"87","11","54.8788695454545","43.5566657342727","11.1016684627767","838",1.01986506344921,"0.837162837162837","1000","Lauvitel","MNTD","Asterales",0,"LGM","RD"
"88","11","34.7791430909091","43.3140606414545","10.5585785926958","201",-0.808339633561065,"0.200799200799201","1000","Plat de la Selle","MNTD","Poales",0,"LGM","RD"
"89","10","41.7459591","45.8245790574","11.9530705827152","367",-0.341219432209988,"0.366633366633367","1000","Barre des Ecrins","MNTD","Poales",0,"LGM","RD"
"90","6","70.147173","62.955320082","18.7122724157154","630",0.384338831662154,"0.629370629370629","1000","La Meije","MNTD","Poales",0,"LGM","RD"
"91","14","24.4135252142857","37.8445600011429","7.97621370158234","46",-1.68388602529452,"0.045954045954046","1000","Sirac","MNTD","Poales",1,"LGM","RD"
"92","5","60.3900246","69.8201919116","22.2101798738694","335",-0.424587615460725,"0.334665334665335","1000","Rouies","MNTD","Poales",0,"LGM","RD"
"93","9","53.019507","50.4039281344444","13.6865724718777","589",0.191105470045906,"0.588411588411588","1000","Olan","MNTD","Poales",0,"LGM","RD"
"94","3","104.421407666667","98.3088196846667","37.2201729296802","617",0.164227823270689,"0.616383616383616","1000","Pelvoux","MNTD","Poales",0,"LGM","RD"
"95","6","71.5866155","63.3165212753333","19.1745006702299","639",0.431306888606843,"0.638361638361638","1000","Occidentale Ailefroide","MNTD","Poales",0,"LGM","RD"
"96","1",NA,NA,NA,"1",NA,"0.000999000999000999","1000","Brevoort","MNTD","Poales",0,"LGM","RD"
"97","6","42.0776765","63.4145300233333","19.0305315830845","151",-1.12119062098606,"0.150849150849151","1000","Burlan","MNTD","Poales",0,"LGM","RD"
"98","23","39.0727479565217","30.4815904638261","3.30696809123741","997.5",2.59789549087575,"0.996503496503496","1000","Rocher de la Selle","MNTD","Poales",1,"LGM","RD"
"99","2","152.811214","125.111040395","59.0072773526416","498",0.469436565246981,"0.497502497502497","1000","Choisy","MNTD","Poales",0,"LGM","RD"
"100","11","62.0758084545455","43.300532558","11.4188792664975","951",1.64423105441104,"0.95004995004995","1000","Muraillette","MNTD","Poales",1,"LGM","RD"
"101","18","43.3067933888889","33.2168581195556","5.8280803822571","961",1.73126220085278,"0.96003996003996","1000","Rateau","MNTD","Poales",1,"LGM","RD"
"102","18","44.4335796111111","33.5693974168889","5.78903976298885","971",1.8766812181323,"0.97002997002997","1000","Lauvitel","MNTD","Poales",1,"LGM","RD"
"103","5","31.794979","48.1557821824","14.5832178583391","142",-1.1218925302583,"0.141858141858142","1000","Barre des Ecrins","MNTD","Lamiales",0,"LGM","RD"
"104","3","55.94445","61.9439826036667","18.3877540170471","345",-0.326278706910292,"0.344655344655345","1000","La Meije","MNTD","Lamiales",0,"LGM","RD"
"105","6","54.1850438333333","42.976358647","13.6125378271251","801.5",0.823408928495191,"0.800699300699301","1000","Sirac","MNTD","Lamiales",0,"LGM","RD"
"106","5","19.785531","49.0081043972","15.3421174529199","45",-1.90472882813438,"0.044955044955045","1000","Rouies","MNTD","Lamiales",1,"LGM","RD"
"107","6","5.34143433333333","43.7804417398333","13.372064870364","1",-2.87457530150716,"0.000999000999000999","1000","Olan","MNTD","Lamiales",1,"LGM","RD"
"108","1",NA,NA,NA,"1",NA,"0.000999000999000999","1000","Pelvoux","MNTD","Lamiales",0,"LGM","RD"
"109","4","37.658948","54.95261692725","16.8353746503541","136.5",-1.02722210146278,"0.136363636363636","1000","Occidentale Ailefroide","MNTD","Lamiales",0,"LGM","RD"
"110","1",NA,NA,NA,"1",NA,"0.000999000999000999","1000","Brevoort","MNTD","Lamiales",0,"LGM","RD"
"111","4","40.9279285","53.191805648","17.4368916620033","276",-0.703329319566986,"0.275724275724276","1000","Burlan","MNTD","Lamiales",0,"LGM","RD"
"112","9","46.0476164444444","33.7880846948889","8.94410919349011","913.5",1.37068225402241,"0.912587412587413","1000","Rocher de la Selle","MNTD","Lamiales",0,"LGM","RD"
"113","2","81.03732","69.44662381","21.3834592816044","841.5",0.542040276896224,"0.840659340659341","1000","Choisy","MNTD","Lamiales",0,"LGM","RD"
"114","5","47.6525492","49.3859542676","15.091051431357","491",-0.114863107814889,"0.49050949050949","1000","Muraillette","MNTD","Lamiales",0,"LGM","RD"
"115","7","35.1522867142857","40.0021874152857","11.6702865775803","362.5",-0.415576829991227,"0.362137862137862","1000","Rateau","MNTD","Lamiales",0,"LGM","RD"
"116","8","46.88865675","36.25901165475","10.791516543048","837",0.985000120497214,"0.836163836163836","1000","Lauvitel","MNTD","Lamiales",0,"LGM","RD"
"117","2","178.921875","119.898797066","56.3686414644621","685",1.04709065892978,"0.684315684315684","1000","Plat de la Selle","MNTD","Caryophyllales",0,"LGM","RD"
"118","5","82.2739794","78.6273731528","21.3892428694911","580.5",0.170487860157097,"0.57992007992008","1000","Barre des Ecrins","MNTD","Caryophyllales",0,"LGM","RD"
"119","5","98.9802274","78.8657613292","20.8137231601631","822",0.966404036222534,"0.821178821178821","1000","La Meije","MNTD","Caryophyllales",0,"LGM","RD"
"120","7","54.4701865714286","68.632008573","15.3588521503769","184.5",-0.922062525435788,"0.184315684315684","1000","Sirac","MNTD","Caryophyllales",0,"LGM","RD"
"121","4","97.8916215","85.983074787","26.7840713620963","607",0.444613014653646,"0.606393606393606","1000","Rouies","MNTD","Caryophyllales",0,"LGM","RD"
"122","4","79.426166","87.24460075525","26.5709221975978","422.5",-0.294247775711633,"0.422077922077922","1000","Olan","MNTD","Caryophyllales",0,"LGM","RD"
"123","1",NA,NA,NA,"1",NA,"0.000999000999000999","1000","Pelvoux","MNTD","Caryophyllales",0,"LGM","RD"
"124","4","97.8916215","85.2246172345","25.9095056027841","614",0.488894093916592,"0.613386613386613","1000","Occidentale Ailefroide","MNTD","Caryophyllales",0,"LGM","RD"
"125","3","101.623271666667","94.1819101526667","35.0702427076147","466.5",0.212184488600197,"0.466033966033966","1000","Burlan","MNTD","Caryophyllales",0,"LGM","RD"
"126","14","49.5439544285714","56.8731491162857","5.43527578050039","108.5",-1.34844945936479,"0.108391608391608","1000","Rocher de la Selle","MNTD","Caryophyllales",0,"LGM","RD"
"127","7","58.700821","69.4023621315714","14.795096485467","239.5",-0.723316751741593,"0.239260739260739","1000","Muraillette","MNTD","Caryophyllales",0,"LGM","RD"
"128","5","102.415486","78.0666221144","21.5917800218686","838",1.12769136499812,"0.837162837162837","1000","Rateau","MNTD","Caryophyllales",0,"LGM","RD"
"129","14","47.7223321428571","56.6072504459286","5.44482300788442","76.5",-1.63181030681907,"0.0764235764235764","1000","Lauvitel","MNTD","Caryophyllales",0,"LGM","RD"
"130","39","105.047997673414","104.513618903169","6.1427609233706","517",0.086993255461488,"0.516483516483517","1000","All Summits","MPD","Asterales",0,"Regional","RD"
"131","37","125.793363153153","133.572214789471","4.17440726980715","44",-1.86346255493123,"0.043956043956044","1000","All Summits","MPD","Poales",1,"Regional","RD"
"132","21","69.2579570857143","73.269918798619","2.54424025601903","41",-1.5768800542376,"0.040959040959041","1000","All Summits","MPD","Lamiales",1,"Regional","RD"
"133","19","124.752208877193","119.684609701696","10.8271846240941","664",0.468044034662528,"0.663336663336663","1000","All Summits","MPD","Caryophyllales",0,"Regional","RD"
"134","28","103.931927362434","104.244468810148","7.3148541754598","452",-0.0427269553455774,"0.451548451548452","1000","LGM","MPD","Asterales",0,"Regional","RD"
"135","28","124.622877915344","133.677433568728","5.29668416081951","46",-1.70947622672345,"0.045954045954046","1000","LGM","MPD","Poales",1,"Regional","RD"
"136","16","69.6565185083333","73.0378452522083","3.07717940788757","94",-1.09883965010549,"0.0939060939060939","1000","LGM","MPD","Lamiales",0,"Regional","RD"
"137","17","121.797618117647","120.305895537691","11.5387047728802","508",0.129279898335031,"0.507492507492508","1000","LGM","MPD","Caryophyllales",0,"Regional","RD"
"138","163","263.51901332379","276.118218543398","4.7685367754247","9",-2.64215330885982,"0.00899100899100899","1000","LGM","MPD","Spermatophyta",1,"All Summits","RD"
"139","28","103.931927362434","104.853861061968","4.38422001171935","350",-0.210284542534357,"0.34965034965035","1000","LGM","MPD","Asterales",0,"All Summits","RD"
"140","28","124.622877915344","125.706556182664","3.71566124322776","357",-0.291651524824887,"0.356643356643357","1000","LGM","MPD","Poales",0,"All Summits","RD"
"141","16","69.6565185083333","69.2488157663333","1.40923163890607","604",0.289308535761007,"0.603396603396603","1000","LGM","MPD","Lamiales",0,"All Summits","RD"
"142","17","121.797618117647","125.012613161221","4.55099511259659","144.5",-0.706437815034082,"0.144355644355644","1000","LGM","MPD","Caryophyllales",0,"All Summits","RD"
"143","5","82.095477","105.3310285786","19.7409403595442","92",-1.17702354373237,"0.0919080919080919","1000","Plat de la Selle","MPD","Asterales",0,"All Summits","RD"
"144","7","76.7678733333333","105.521813563143","15.6492590923486","16",-1.83739946154181,"0.015984015984016","1000","Barre des Ecrins","MPD","Asterales",1,"All Summits","RD"
"145","4","96.5512798333333","105.383701993167","23.1460487394372","476.5",-0.381595245878156,"0.476023976023976","1000","La Meije","MPD","Asterales",0,"All Summits","RD"
"146","13","101.530671666667","105.117245249308","10.1787496218972","299",-0.352358955261594,"0.298701298701299","1000","Sirac","MPD","Asterales",0,"All Summits","RD"
"147","10","87.2523208666667","105.075758112911","12.4680850059714","84",-1.42952484184285,"0.0839160839160839","1000","Rouies","MPD","Asterales",0,"All Summits","RD"
"148","10","83.5392948","105.660965700911","12.1354696677899","22",-1.82289367502823,"0.021978021978022","1000","Olan","MPD","Asterales",1,"All Summits","RD"
"149","5","72.5050954","104.3275973126","19.7809221064217","22",-1.60874714239278,"0.021978021978022","1000","Occidentale Ailefroide","MPD","Asterales",1,"All Summits","RD"
"150","2","102.297246","104.182700763","42.5373213528322","379.5",-0.0443247177545767,"0.379120879120879","1000","Brevoort","MPD","Asterales",0,"All Summits","RD"
"151","5","90.8131442","104.6288289924","19.4691233646917","291.5",-0.709620280975541,"0.291208791208791","1000","Burlan","MPD","Asterales",0,"All Summits","RD"
"152","31","109.183555694624","105.15021388354","3.53131461564446","925",1.14216439204123,"0.924075924075924","1000","Rocher de la Selle","MPD","Asterales",0,"All Summits","RD"
"153","3","98.923626","104.998626006667","28.9903022622105","451",-0.209552834314031,"0.450549450549451","1000","Choisy","MPD","Asterales",0,"All Summits","RD"
"154","11","85.6547364727273","105.243005941455","11.1985119672485","36",-1.74918502797655,"0.035964035964036","1000","Muraillette","MPD","Asterales",1,"All Summits","RD"
"155","16","85.14326905","104.947829472683","8.37185870789066","11",-2.36561092508849,"0.010989010989011","1000","Rateau","MPD","Asterales",1,"All Summits","RD"
"156","12","100.627738984848","104.82195569053","10.5940776388562","277",-0.39590201701926,"0.276723276723277","1000","Lauvitel","MPD","Asterales",0,"All Summits","RD"
"157","11","115.448578181818","125.764373549964","10.6427776051665","157",-0.96927660718361,"0.156843156843157","1000","Plat de la Selle","MPD","Poales",0,"All Summits","RD"
"158","10","110.3235262","125.444657961111","11.8153469620915","104",-1.27978736550233,"0.103896103896104","1000","Barre des Ecrins","MPD","Poales",0,"All Summits","RD"
"159","6","134.818644466667","125.6312401058","19.0258497549384","605",0.482890618774172,"0.604395604395604","1000","La Meije","MPD","Poales",0,"All Summits","RD"
"160","14","99.446418032967","125.456115844506","9.08072776675799","18",-2.86427459115697,"0.017982017982018","1000","Sirac","MPD","Poales",1,"All Summits","RD"
"161","5","119.0120632","125.8290208198","22.0460337656298","283.5",-0.309214695589723,"0.283216783216783","1000","Rouies","MPD","Poales",0,"All Summits","RD"
"162","9","121.903561833333","125.439022566278","13.7043708172692","332",-0.257980521695262,"0.331668331668332","1000","Olan","MPD","Poales",0,"All Summits","RD"
"163","3","140.482278666667","125.541466854667","37.5045167821574","672.5",0.398373665198322,"0.671828171828172","1000","Pelvoux","MPD","Poales",0,"All Summits","RD"
"164","6","111.1284894","124.7464180118","19.7145986754101","184",-0.69075352919994,"0.183816183816184","1000","Occidentale Ailefroide","MPD","Poales",0,"All Summits","RD"
"165","1",NA,NA,NA,"1",NA,"0.000999000999000999","1000","Brevoort","MPD","Poales",0,"All Summits","RD"
"166","6","119.860346133333","125.9544007422","19.6277837813971","277",-0.31048103426952,"0.276723276723277","1000","Burlan","MPD","Poales",0,"All Summits","RD"
"167","29","126.334604866995","125.691793799734","3.37018860285995","540",0.190734449317046,"0.53946053946054","1000","Rocher de la Selle","MPD","Poales",0,"All Summits","RD"
"168","2","28.14614","126.273378023","59.6535721470761","78.5",-1.64495158447623,"0.0784215784215784","1000","Choisy","MPD","Poales",0,"All Summits","RD"
"169","11","103.080924472727","125.721983444727","11.255109296958","43",-2.01162497623362,"0.042957042957043","1000","Muraillette","MPD","Poales",1,"All Summits","RD"
"170","22","115.689540515152","125.723340738056","5.28079154666054","43",-1.90005610603015,"0.042957042957043","1000","Rateau","MPD","Poales",1,"All Summits","RD"
"171","18","116.91698848366","125.705632961869","6.65962315003436","115",-1.31969096151692,"0.114885114885115","1000","Lauvitel","MPD","Poales",0,"All Summits","RD"
"172","2","81.037318","68.450704332","21.6994169885123","522.5",0.580043863605338,"0.521978021978022","1000","Plat de la Selle","MPD","Lamiales",0,"All Summits","RD"
"173","5","70.7112986","69.1981465166","6.56652268385911","528",0.23043430385452,"0.527472527472527","1000","Barre des Ecrins","MPD","Lamiales",0,"All Summits","RD"
"174","3","68.4908853333333","69.6806582406667","11.3895966081387","361",-0.104461373678779,"0.360639360639361","1000","La Meije","MPD","Lamiales",0,"All Summits","RD"
"175","6","72.7130066666667","69.2344139977333","5.3442269736123","721.5",0.650906611210425,"0.720779220779221","1000","Sirac","MPD","Lamiales",0,"All Summits","RD"
"176","5","67.7089362","69.0213466522","6.98989560719256","286",-0.187758233592149,"0.285714285714286","1000","Rouies","MPD","Lamiales",0,"All Summits","RD"
"177","6","70.9439572666667","69.0030093302","5.8177448516748","550",0.333625483061175,"0.549450549450549","1000","Olan","MPD","Lamiales",0,"All Summits","RD"
"178","2","73.188451","70.016559458","20.4174319166287","302",0.155352130226363,"0.301698301698302","1000","Pelvoux","MPD","Lamiales",0,"All Summits","RD"
"179","4","70.6488603333333","69.1127324076667","8.30662704988982","512",0.18492799982961,"0.511488511488511","1000","Occidentale Ailefroide","MPD","Lamiales",0,"All Summits","RD"
"180","1",NA,NA,NA,"1",NA,"0.000999000999000999","1000","Brevoort","MPD","Lamiales",0,"All Summits","RD"
"181","5","61.9424534","69.6493032638","6.14777192742592","104",-1.25360048400931,"0.103896103896104","1000","Burlan","MPD","Lamiales",0,"All Summits","RD"
"182","11","71.3936741090909","69.19367284","2.67523370787252","785",0.822358533617781,"0.784215784215784","1000","Rocher de la Selle","MPD","Lamiales",0,"All Summits","RD"
"183","2","81.03732","67.954229392","22.2468089315129","890",0.58808841520941,"0.889110889110889","1000","Choisy","MPD","Lamiales",0,"All Summits","RD"
"184","5","70.441823","69.4780467368","6.72986436585543","467",0.143208868827997,"0.466533466533467","1000","Muraillette","MPD","Lamiales",0,"All Summits","RD"
"185","9","69.7821598333333","69.1540912553333","3.48402330228083","521",0.180271061215016,"0.520479520479521","1000","Rateau","MPD","Lamiales",0,"All Summits","RD"
"186","8","67.2405751428571","69.1225430497143","3.95217053425293","264",-0.476185906085372,"0.263736263736264","1000","Lauvitel","MPD","Lamiales",0,"All Summits","RD"
"187","2","178.921875","125.269077542","55.8707596143918","701",0.960301915139516,"0.7002997002997","1000","Plat de la Selle","MPD","Caryophyllales",0,"All Summits","RD"
"188","5","123.0901374","124.7877466454","25.1761004082932","411",-0.0674293960489925,"0.410589410589411","1000","Barre des Ecrins","MPD","Caryophyllales",0,"All Summits","RD"
"189","5","128.4296138","124.960559977","24.2614763165659","484.5",0.142986097702195,"0.484015984015984","1000","La Meije","MPD","Caryophyllales",0,"All Summits","RD"
"190","7","120.58254952381","123.612494520667","20.2168608172553","352",-0.149872179674456,"0.351648351648352","1000","Sirac","MPD","Caryophyllales",0,"All Summits","RD"
"191","4","149.116654833333","127.275757455","28.0662851271506","782.5",0.778189820255371,"0.781718281718282","1000","Rouies","MPD","Caryophyllales",0,"All Summits","RD"
"192","4","119.817059333333","123.622658304333","30.4745555417008","351",-0.124877915472548,"0.350649350649351","1000","Olan","MPD","Caryophyllales",0,"All Summits","RD"
"193","1",NA,NA,NA,"1",NA,"0.000999000999000999","1000","Pelvoux","MPD","Caryophyllales",0,"All Summits","RD"
"194","4","149.116654833333","124.5978395555","29.7063204526484","790",0.825373688300311,"0.789210789210789","1000","Occidentale Ailefroide","MPD","Caryophyllales",0,"All Summits","RD"
"195","2","178.921876","121.836758262","57.392145597491","864",0.994650350561132,"0.863136863136863","1000","Brevoort","MPD","Caryophyllales",0,"All Summits","RD"
"196","3","144.148955333333","120.496706543333","38.7419295063301","584.5",0.610507764878759,"0.583916083916084","1000","Burlan","MPD","Caryophyllales",0,"All Summits","RD"
"197","15","120.336285771429","124.713100521962","7.28646203500104","289.5",-0.600677630585185,"0.289210789210789","1000","Rocher de la Selle","MPD","Caryophyllales",0,"All Summits","RD"
"198","2","178.921876","124.217199809","54.8554224492304","860",0.997251935150625,"0.859140859140859","1000","Choisy","MPD","Caryophyllales",0,"All Summits","RD"
"199","7","100.500673047619","124.935742626857","19.3390995072167","125.5",-1.26350606811448,"0.125374625374625","1000","Muraillette","MPD","Caryophyllales",0,"All Summits","RD"
"200","6","139.664542466667","124.337999711467","21.8629418197156","739.5",0.701028383169313,"0.738761238761239","1000","Rateau","MPD","Caryophyllales",0,"All Summits","RD"
"201","14","110.83776421978","124.866295057681","8.12435068433992","49",-1.72672640349484,"0.048951048951049","1000","Lauvitel","MPD","Caryophyllales",1,"All Summits","RD"
"202","5","74.2545588","103.100994688","20.3719460735523","44",-1.41598823125934,"0.043956043956044","1000","Plat de la Selle","MPD","Asterales",1,"LGM","RD"
"203","7","73.9266513333333","103.904473662667","16.0572792950162","15",-1.86693036712874,"0.014985014985015","1000","Barre des Ecrins","MPD","Asterales",1,"LGM","RD"
"204","4","95.4487376666667","103.148194088","24.657404611956","484",-0.312257374306133,"0.483516483516484","1000","La Meije","MPD","Asterales",0,"LGM","RD"
"205","11","102.754694145455","103.873998405418","10.9605354904556","381",-0.102121311585398,"0.380619380619381","1000","Sirac","MPD","Asterales",0,"LGM","RD"
"206","10","104.383372755556","104.060317130778","11.7322614465687","441",0.0275356653317901,"0.440559440559441","1000","Rouies","MPD","Asterales",0,"LGM","RD"
"207","10","85.6340575111111","104.025130924356","11.9026679653521","80",-1.54512193961721,"0.0799200799200799","1000","Olan","MPD","Asterales",0,"LGM","RD"
"208","2","105.099755","104.18186813","43.135754341608","749",0.0212790267380262,"0.748251748251748","1000","Pelvoux","MPD","Asterales",0,"LGM","RD"
"209","5","71.6683194","103.4549786024","20.4905761074151","38",-1.5512818690782,"0.037962037962038","1000","Occidentale Ailefroide","MPD","Asterales",1,"LGM","RD"
"210","2","102.297246","106.048637375","44.2377838261311","438",-0.0848006172674513,"0.437562437562438","1000","Brevoort","MPD","Asterales",0,"LGM","RD"
"211","5","85.8170692","105.0006917354","20.3195198807816","184",-0.944098219247002,"0.183816183816184","1000","Burlan","MPD","Asterales",0,"LGM","RD"
"212","21","93.6333640666667","104.148527322829","4.70371169420228","26",-2.23550335134756,"0.025974025974026","1000","Rocher de la Selle","MPD","Asterales",1,"LGM","RD"
"213","3","98.9236253333333","104.629848065333","30.2194298567784","438.5",-0.188826286897007,"0.438061938061938","1000","Choisy","MPD","Asterales",0,"LGM","RD"
"214","11","100.372489563636","103.823961440218","10.8461682263494","301",-0.31822038940876,"0.300699300699301","1000","Muraillette","MPD","Asterales",0,"LGM","RD"
"215","14","116.376914659341","103.562354039582","8.84049473601718","938",1.44952980601304,"0.937062937062937","1000","Rateau","MPD","Asterales",0,"LGM","RD"
"216","11","103.032918327273","104.320149363455","10.7457793867669","383",-0.119789453128641,"0.382617382617383","1000","Lauvitel","MPD","Asterales",0,"LGM","RD"
"217","11","123.782915345455","124.223904492109","11.6295263508847","396",-0.0379197856687427,"0.395604395604396","1000","Plat de la Selle","MPD","Poales",0,"LGM","RD"
"218","10","115.754302155556","124.664165681444","12.8017131947956","204",-0.695989934340277,"0.203796203796204","1000","Barre des Ecrins","MPD","Poales",0,"LGM","RD"
"219","6","148.935438066667","123.342209565067","20.5671716571223","980",1.24437277659115,"0.979020979020979","1000","La Meije","MPD","Poales",1,"LGM","RD"
"220","14","98.8813477582418","125.073226650538","8.82815923407966","13",-2.96685619253301,"0.012987012987013","1000","Sirac","MPD","Poales",1,"LGM","RD"
"221","5","143.9450784","124.6891066182","22.2977693414691","821",0.863582876247088,"0.82017982017982","1000","Rouies","MPD","Poales",0,"LGM","RD"
"222","9","128.790192944444","124.715721536278","13.6036755732717","540",0.299512538815034,"0.53946053946054","1000","Olan","MPD","Poales",0,"LGM","RD"
"223","3","140.482278666667","126.078074888667","36.9236561511763","625",0.390107732533988,"0.624375624375624","1000","Pelvoux","MPD","Poales",0,"LGM","RD"
"224","6","108.258582133333","125.272840592933","18.9187017990309","166",-0.899335411083624,"0.165834165834166","1000","Occidentale Ailefroide","MPD","Poales",0,"LGM","RD"
"225","1",NA,NA,NA,"1",NA,"0.000999000999000999","1000","Brevoort","MPD","Poales",0,"LGM","RD"
"226","6","119.7188552","124.6579337998","19.8320450227971","314",-0.249045350296577,"0.313686313686314","1000","Burlan","MPD","Poales",0,"LGM","RD"
"227","23","120.910581675889","124.657680527731","4.08189179636744","169.5",-0.91798093599064,"0.169330669330669","1000","Rocher de la Selle","MPD","Poales",0,"LGM","RD"
"228","2","152.811214","125.111040395","59.0072773526416","498",0.469436565246981,"0.497502497502497","1000","Choisy","MPD","Poales",0,"LGM","RD"
"229","11","102.6686728","124.082205491745","11.6537951156605","58",-1.83747289867571,"0.0579420579420579","1000","Muraillette","MPD","Poales",0,"LGM","RD"
"230","18","127.053628163399","124.419411772281","6.70208035801992","611",0.393044584725914,"0.61038961038961","1000","Rateau","MPD","Poales",0,"LGM","RD"
"231","18","127.387061398693","124.63944193317","6.69052122052185","616",0.410673455020977,"0.615384615384615","1000","Lauvitel","MPD","Poales",0,"LGM","RD"
"232","5","67.8528638","69.6187856858","6.12512133942188","284",-0.288308065741384,"0.283716283716284","1000","Barre des Ecrins","MPD","Lamiales",0,"LGM","RD"
"233","3","68.4908853333333","70.3347927486667","11.2851152868695","351",-0.163392873573809,"0.350649350649351","1000","La Meije","MPD","Lamiales",0,"LGM","RD"
"234","6","72.9902313333333","69.4396858802","5.09604312062709","759.5",0.696725943852769,"0.758741258741259","1000","Sirac","MPD","Lamiales",0,"LGM","RD"
"235","5","64.8505018","69.9246361736","6.15396171684194","179",-0.824531351846615,"0.178821178821179","1000","Rouies","MPD","Lamiales",0,"LGM","RD"
"236","6","64.3445943333333","69.5346077420667","4.96967345410335","150",-1.04433690798096,"0.14985014985015","1000","Olan","MPD","Lamiales",0,"LGM","RD"
"237","1",NA,NA,NA,"1",NA,"0.000999000999000999","1000","Pelvoux","MPD","Lamiales",0,"LGM","RD"
"238","4","66.5778626666667","70.0463741095","8.16181300437029","352.5",-0.424968256559676,"0.352147852147852","1000","Occidentale Ailefroide","MPD","Lamiales",0,"LGM","RD"
"239","1",NA,NA,NA,"1",NA,"0.000999000999000999","1000","Brevoort","MPD","Lamiales",0,"LGM","RD"
"240","4","66.2110715","69.022230297","9.28147185650503","296.5",-0.302878556382172,"0.296203796203796","1000","Burlan","MPD","Lamiales",0,"LGM","RD"
"241","9","72.7573307222222","69.6460954198889","2.6426200262707","905.5",1.17732979823208,"0.904595404595405","1000","Rocher de la Selle","MPD","Lamiales",0,"LGM","RD"
"242","2","81.03732","69.44662381","21.3834592816044","841.5",0.542040276896224,"0.840659340659341","1000","Choisy","MPD","Lamiales",0,"LGM","RD"
"243","5","71.2734974","70.0672720302","6.03945297641741","550.5",0.199724275445146,"0.54995004995005","1000","Muraillette","MPD","Lamiales",0,"LGM","RD"
"244","7","66.5906193333333","69.6451362980952","3.86969964150846","203.5",-0.789342131879575,"0.203296703296703","1000","Rateau","MPD","Lamiales",0,"LGM","RD"
"245","8","70.7432591428571","69.52423800875","3.40123875471047","607",0.358405046519854,"0.606393606393606","1000","Lauvitel","MPD","Lamiales",0,"LGM","RD"
"246","2","178.921875","119.898797066","56.3686414644621","685",1.04709065892978,"0.684315684315684","1000","Plat de la Selle","MPD","Caryophyllales",0,"LGM","RD"
"247","5","123.0901374","121.3624566446","25.6653765740938","459.5",0.0673156207317797,"0.459040959040959","1000","Barre des Ecrins","MPD","Caryophyllales",0,"LGM","RD"
"248","5","127.2666992","121.8277827726","24.7921893581383","514",0.219380239027362,"0.513486513486514","1000","La Meije","MPD","Caryophyllales",0,"LGM","RD"
"249","7","121.277533714286","120.909828332286","19.5106401871996","431.5",0.0188464027049834,"0.431068931068931","1000","Sirac","MPD","Caryophyllales",0,"LGM","RD"
"250","4","151.911790833333","122.002389890333","30.6527163208216","849",0.975750423876247,"0.848151848151848","1000","Rouies","MPD","Caryophyllales",0,"LGM","RD"
"251","4","119.817059333333","123.4355597975","29.4425362867369","375.5",-0.122900433200679,"0.375124875124875","1000","Olan","MPD","Caryophyllales",0,"LGM","RD"
"252","1",NA,NA,NA,"1",NA,"0.000999000999000999","1000","Pelvoux","MPD","Caryophyllales",0,"LGM","RD"
"253","4","151.911790833333","121.8792908725","30.0863674986856","864",0.998209569903891,"0.863136863136863","1000","Occidentale Ailefroide","MPD","Caryophyllales",0,"LGM","RD"
"254","3","140.272573333333","118.334135827333","39.1783419329279","541.5",0.559963398746121,"0.540959040959041","1000","Burlan","MPD","Caryophyllales",0,"LGM","RD"
"255","14","112.213461340659","122.234554124121","7.02472099416457","124.5",-1.42654673285758,"0.124375624375624","1000","Rocher de la Selle","MPD","Caryophyllales",0,"LGM","RD"
"256","7","99.9469041904762","122.122186864667","19.029041968629","143.5",-1.16533889150848,"0.143356643356643","1000","Muraillette","MPD","Caryophyllales",0,"LGM","RD"
"257","5","147.942738","121.439576472","25.685613259266","900",1.03182903442802,"0.899100899100899","1000","Rateau","MPD","Caryophyllales",0,"LGM","RD"
"258","14","110.043002714286","121.67033445811","7.02876249726785","39.5",-1.65425019672294,"0.0394605394605395","1000","Lauvitel","MPD","Caryophyllales",1,"LGM","RD"
"259","39","21.0016260769231","24.1418228391579","3.36106045874736","171",-0.934287496692388,"0.170829170829171","1000","All Summits","MNTD","Asterales",0,"Regional","DAMOCLES"
"260","37","24.4117922432432","31.1553667921765","5.13853657737253","87",-1.3123531276645,"0.0869130869130869","1000","All Summits","MNTD","Poales",0,"Regional","DAMOCLES"
"261","21","24.5402206666667","33.3207314750165","5.7407268678181","56",-1.52951203053613,"0.0559440559440559","1000","All Summits","MNTD","Lamiales",0,"Regional","DAMOCLES"
"262","19","44.4506242105263","48.1586979150859","9.29586387234687","369",-0.398895009165346,"0.368631368631369","1000","All Summits","MNTD","Caryophyllales",0,"Regional","DAMOCLES"
"263","28","22.0372388928571","29.2823343661439","5.10740579643207","64",-1.4185470593208,"0.0639360639360639","1000","LGM","MNTD","Asterales",0,"Regional","DAMOCLES"
"264","28","29.2269466785714","35.6393215911542","6.58171096753031","163",-0.974271727247984,"0.162837162837163","1000","LGM","MNTD","Poales",0,"Regional","DAMOCLES"
"265","16","23.4475326875","37.6825100888617","7.53363939911362","17",-1.88952200221271,"0.016983016983017","1000","LGM","MNTD","Lamiales",1,"Regional","DAMOCLES"
"266","17","55.1041172352941","51.2714040628441","9.86682922094113","656",0.388444259713699,"0.655344655344655","1000","LGM","MNTD","Caryophyllales",0,"Regional","DAMOCLES"
"267","163","39.2903360490798","44.9052525738612","3.28277266771617","41",-1.71041893336091,"0.040959040959041","1000","LGM","MNTD","Spermatophyta",1,"All Summits","DAMOCLES"
"268","28","22.0372388928571","25.0120029856189","3.33644442200669","179",-0.89159707655871,"0.178821178821179","1000","LGM","MNTD","Asterales",0,"All Summits","DAMOCLES"
"269","28","29.2269466785714","28.3814437563606","2.90203879397091","632",0.291347904778993,"0.631368631368631","1000","LGM","MNTD","Poales",0,"All Summits","DAMOCLES"
"270","16","23.4475326875","27.5047594805318","4.86220305099955","188",-0.834442072960683,"0.187812187812188","1000","LGM","MNTD","Lamiales",0,"All Summits","DAMOCLES"
"271","17","55.1041172352941","52.598170748338","6.94251663146685","493",0.360956497474988,"0.492507492507492","1000","LGM","MNTD","Caryophyllales",0,"All Summits","DAMOCLES"
"272","5","57.0307056",NA,NA,"278",NA,"0.277722277722278","1000","Plat de la Selle","MNTD","Asterales",0,"All Summits","DAMOCLES"
"273","7","27.2379847142857",NA,NA,"24",NA,"0.023976023976024","1000","Barre des Ecrins","MNTD","Asterales",0,"All Summits","DAMOCLES"
"274","4","92.6499935",NA,NA,"573",NA,"0.572427572427572","1000","La Meije","MNTD","Asterales",0,"All Summits","DAMOCLES"
"275","13","52.980313","43.3641479614387","11.5494857381525","819",0.832605473228591,"0.818181818181818","1000","Sirac","MNTD","Asterales",0,"All Summits","DAMOCLES"
"276","10","35.1340201","51.2471126964332","14.6313245958804","123",-1.10127367422155,"0.122877122877123","1000","Rouies","MNTD","Asterales",0,"All Summits","DAMOCLES"
"277","10","46.4364548","53.1626944149266","14.8122840475303","341",-0.454098746239485,"0.340659340659341","1000","Olan","MNTD","Asterales",0,"All Summits","DAMOCLES"
"278","5","21.9574156",NA,NA,"6",NA,"0.00599400599400599","1000","Occidentale Ailefroide","MNTD","Asterales",0,"All Summits","DAMOCLES"
"279","2","102.297246",NA,NA,"356",NA,"0.355644355644356","1000","Brevoort","MNTD","Asterales",0,"All Summits","DAMOCLES"
"280","5","75.022142",NA,NA,"539",NA,"0.538461538461538","1000","Burlan","MNTD","Asterales",0,"All Summits","DAMOCLES"
"281","31","22.3303287096774","23.5219908882984","2.35953410769205","330",-0.505041302321593,"0.32967032967033","1000","Rocher de la Selle","MNTD","Asterales",0,"All Summits","DAMOCLES"
"282","3","95.550006",NA,NA,"510",NA,"0.509490509490509","1000","Choisy","MNTD","Asterales",0,"All Summits","DAMOCLES"
"283","11","43.1066208181818","49.5497513741351","15.235475949805","371",-0.422903135890264,"0.370629370629371","1000","Muraillette","MNTD","Asterales",0,"All Summits","DAMOCLES"
"284","16","21.489481375","38.1519324464551","8.49661138371083","11",-1.96107016302985,"0.010989010989011","1000","Rateau","MNTD","Asterales",1,"All Summits","DAMOCLES"
"285","12","41.1383684166667","49.0137894962867","11.5983949035033","266",-0.679009565128816,"0.265734265734266","1000","Lauvitel","MNTD","Asterales",0,"All Summits","DAMOCLES"
"286","11","25.9544878181818","44.7028445645151","14.8019744244527","61",-1.26661188627385,"0.0609390609390609","1000","Plat de la Selle","MNTD","Poales",0,"All Summits","DAMOCLES"
"287","10","29.8450685","44.4075509835723","17.160752825498","176",-0.848592286810102,"0.175824175824176","1000","Barre des Ecrins","MNTD","Poales",0,"All Summits","DAMOCLES"
"288","6","61.8957431666667",NA,NA,"582",NA,"0.581418581418581","1000","La Meije","MNTD","Poales",0,"All Summits","DAMOCLES"
"289","14","25.9374470714286","51.9522268120856","9.09529195452182","1",-2.86024680359199,"0.000999000999000999","1000","Sirac","MNTD","Poales",1,"All Summits","DAMOCLES"
"290","5","35.4570098",NA,NA,"110",NA,"0.10989010989011","1000","Rouies","MNTD","Poales",0,"All Summits","DAMOCLES"
"291","9","39.4814854444444","47.3081649871037","18.3327844856034","366",-0.426922574080632,"0.365634365634366","1000","Olan","MNTD","Poales",0,"All Summits","DAMOCLES"
"292","3","104.421407666667",NA,NA,"384",NA,"0.383616383616384","1000","Pelvoux","MNTD","Poales",0,"All Summits","DAMOCLES"
"293","6","76.9152948333333",NA,NA,"739",NA,"0.738261738261738","1000","Occidentale Ailefroide","MNTD","Poales",0,"All Summits","DAMOCLES"
"294","1",NA,NA,NA,"257",NA,"0.256743256743257","1000","Brevoort","MNTD","Poales",0,"All Summits","DAMOCLES"
"295","6","42.7851311666667",NA,NA,"232",NA,"0.231768231768232","1000","Burlan","MNTD","Poales",0,"All Summits","DAMOCLES"
"296","29","22.9304945172414","25.7905820603014","3.00102636857274","144",-0.953036458796677,"0.143856143856144","1000","Rocher de la Selle","MNTD","Poales",0,"All Summits","DAMOCLES"
"297","2","28.14614",NA,NA,"45.5",NA,"0.0454545454545455","1000","Choisy","MNTD","Poales",0,"All Summits","DAMOCLES"
"298","11","43.4835065454545","43.3374261672312","13.616062584253","548",0.0107285331070863,"0.547452547452547","1000","Muraillette","MNTD","Poales",0,"All Summits","DAMOCLES"
"299","22","29.9971900454545","27.9792973431618","4.82861358277223","691",0.417903124303077,"0.69030969030969","1000","Rateau","MNTD","Poales",0,"All Summits","DAMOCLES"
"300","18","30.2268322222222","29.9992365755298","6.87181552793666","556",0.0331201624617428,"0.555444555444555","1000","Lauvitel","MNTD","Poales",0,"All Summits","DAMOCLES"
"301","2","81.037318",NA,NA,"466.5",NA,"0.466033966033966","1000","Plat de la Selle","MNTD","Lamiales",0,"All Summits","DAMOCLES"
"302","5","43.2287206",NA,NA,"368",NA,"0.367632367632368","1000","Barre des Ecrins","MNTD","Lamiales",0,"All Summits","DAMOCLES"
"303","3","55.94445",NA,NA,"310.5",NA,"0.31018981018981","1000","La Meije","MNTD","Lamiales",0,"All Summits","DAMOCLES"
"304","6","52.7989206666667","60.6459242909932","10.2738811546882","250",-0.763781817813392,"0.24975024975025","1000","Sirac","MNTD","Lamiales",0,"All Summits","DAMOCLES"
"305","5","31.2192722",NA,NA,"156",NA,"0.155844155844156","1000","Rouies","MNTD","Lamiales",0,"All Summits","DAMOCLES"
"306","6","38.3382516666667",NA,NA,"345",NA,"0.344655344655345","1000","Olan","MNTD","Lamiales",0,"All Summits","DAMOCLES"
"307","2","73.188451",NA,NA,"315",NA,"0.314685314685315","1000","Pelvoux","MNTD","Lamiales",0,"All Summits","DAMOCLES"
"308","4","49.871941",NA,NA,"239",NA,"0.238761238761239","1000","Occidentale Ailefroide","MNTD","Lamiales",0,"All Summits","DAMOCLES"
"309","1",NA,NA,NA,"1",NA,"0.000999000999000999","1000","Brevoort","MNTD","Lamiales",0,"All Summits","DAMOCLES"
"310","5","39.7165756",NA,NA,"322",NA,"0.321678321678322","1000","Burlan","MNTD","Lamiales",0,"All Summits","DAMOCLES"
"311","11","44.028217","40.3301469363255","8.8297941753805","688",0.418817244232662,"0.687312687312687","1000","Rocher de la Selle","MNTD","Lamiales",0,"All Summits","DAMOCLES"
"312","2","81.03732",NA,NA,"584.5",NA,"0.583916083916084","1000","Choisy","MNTD","Lamiales",0,"All Summits","DAMOCLES"
"313","5","46.8208744",NA,NA,"443",NA,"0.442557442557443","1000","Muraillette","MNTD","Lamiales",0,"All Summits","DAMOCLES"
"314","9","35.1114107777778","41.7175476820769","11.1148771765147","291",-0.594350868604979,"0.290709290709291","1000","Rateau","MNTD","Lamiales",0,"All Summits","DAMOCLES"
"315","8","30.18166575","40.1766216712911","13.0312945340952","215",-0.766996394344411,"0.214785214785215","1000","Lauvitel","MNTD","Lamiales",0,"All Summits","DAMOCLES"
"316","2","178.921875",NA,NA,"536",NA,"0.535464535464535","1000","Plat de la Selle","MNTD","Caryophyllales",0,"All Summits","DAMOCLES"
"317","5","82.2739794",NA,NA,"544.5",NA,"0.543956043956044","1000","Barre des Ecrins","MNTD","Caryophyllales",0,"All Summits","DAMOCLES"
"318","5","103.6318858",NA,NA,"763",NA,"0.762237762237762","1000","La Meije","MNTD","Caryophyllales",0,"All Summits","DAMOCLES"
"319","7","50.3002828571429","75.5431395727528","19.753017318034","73.5",-1.27792409175705,"0.0734265734265734","1000","Sirac","MNTD","Caryophyllales",0,"All Summits","DAMOCLES"
"320","4","89.5062135",NA,NA,"520.5",NA,"0.51998001998002","1000","Rouies","MNTD","Caryophyllales",0,"All Summits","DAMOCLES"
"321","4","79.426166",NA,NA,"391",NA,"0.390609390609391","1000","Olan","MNTD","Caryophyllales",0,"All Summits","DAMOCLES"
"322","1",NA,NA,NA,"268",NA,"0.267732267732268","1000","Pelvoux","MNTD","Caryophyllales",0,"All Summits","DAMOCLES"
"323","4","89.5062135",NA,NA,"413.5",NA,"0.413086913086913","1000","Occidentale Ailefroide","MNTD","Caryophyllales",0,"All Summits","DAMOCLES"
"324","2","178.921876",NA,NA,"588",NA,"0.587412587412587","1000","Brevoort","MNTD","Caryophyllales",0,"All Summits","DAMOCLES"
"325","3","109.376035666667",NA,NA,"518",NA,"0.517482517482518","1000","Burlan","MNTD","Caryophyllales",0,"All Summits","DAMOCLES"
"326","15","59.1581844666667","50.6141878029178","8.59784759592108","828.5",0.993736696124069,"0.827672327672328","1000","Rocher de la Selle","MNTD","Caryophyllales",0,"All Summits","DAMOCLES"
"327","2","178.921876",NA,NA,"592.5",NA,"0.591908091908092","1000","Choisy","MNTD","Caryophyllales",0,"All Summits","DAMOCLES"
"328","7","62.0234341428571",NA,NA,"292",NA,"0.291708291708292","1000","Muraillette","MNTD","Caryophyllales",0,"All Summits","DAMOCLES"
"329","6","98.0276456666667",NA,NA,"732",NA,"0.731268731268731","1000","Rateau","MNTD","Caryophyllales",0,"All Summits","DAMOCLES"
"330","14","53.0126237142857","54.6755444753686","9.27555449225586","437",-0.179279930107813,"0.436563436563437","1000","Lauvitel","MNTD","Caryophyllales",0,"All Summits","DAMOCLES"
"331","5","39.20418",NA,NA,"41",NA,"0.040959040959041","1000","Plat de la Selle","MNTD","Asterales",0,"LGM","DAMOCLES"
"332","7","29.8924897142857",NA,NA,"33",NA,"0.032967032967033","1000","Barre des Ecrins","MNTD","Asterales",0,"LGM","DAMOCLES"
"333","4","89.342366",NA,NA,"570",NA,"0.569430569430569","1000","La Meije","MNTD","Asterales",0,"LGM","DAMOCLES"
"334","11","44.3349607272727","44.4067791678958","13.7479246851931","546",-0.00522394777885675,"0.545454545454545","1000","Sirac","MNTD","Asterales",0,"LGM","DAMOCLES"
"335","10","62.9076315","49.3114666224114","15.1685603920253","837",0.896338513754847,"0.836163836163836","1000","Rouies","MNTD","Asterales",0,"LGM","DAMOCLES"
"336","10","36.792821","55.2456103735681","13.5656935118358","62",-1.36025403769209,"0.0619380619380619","1000","Olan","MNTD","Asterales",0,"LGM","DAMOCLES"
"337","2","105.099755",NA,NA,"457",NA,"0.456543456543457","1000","Pelvoux","MNTD","Asterales",0,"LGM","DAMOCLES"
"338","5","18.6103116",NA,NA,"8",NA,"0.00799200799200799","1000","Occidentale Ailefroide","MNTD","Asterales",0,"LGM","DAMOCLES"
"339","2","102.297246",NA,NA,"355.5",NA,"0.355144855144855","1000","Brevoort","MNTD","Asterales",0,"LGM","DAMOCLES"
"340","5","52.5699146",NA,NA,"260",NA,"0.25974025974026","1000","Burlan","MNTD","Asterales",0,"LGM","DAMOCLES"
"341","21","39.0266836190476","26.8174002730276","4.9753226710815","970",2.45396814501802,"0.969030969030969","1000","Rocher de la Selle","MNTD","Asterales",1,"LGM","DAMOCLES"
"342","3","95.550005",NA,NA,"519.5",NA,"0.518981018981019","1000","Choisy","MNTD","Asterales",0,"LGM","DAMOCLES"
"343","11","47.3667225454545","45.7114977047092","13.8566448764736","604",0.119453508082299,"0.603396603396603","1000","Muraillette","MNTD","Asterales",0,"LGM","DAMOCLES"
"344","14","23.0587087142857","42.0449924172859","9.50391713797707","8",-1.99773245361453,"0.00799200799200799","1000","Rateau","MNTD","Asterales",1,"LGM","DAMOCLES"
"345","11","54.8788695454545","59.5427006499481","12.6995326477035","360",-0.367244309997261,"0.35964035964036","1000","Lauvitel","MNTD","Asterales",0,"LGM","DAMOCLES"
"346","11","34.7791430909091","47.9310799536907","13.0082675318157","128",-1.01104446311659,"0.127872127872128","1000","Plat de la Selle","MNTD","Poales",0,"LGM","DAMOCLES"
"347","10","41.7459591","49.5561184358269","15.1188018684198","314",-0.516585864660402,"0.313686313686314","1000","Barre des Ecrins","MNTD","Poales",0,"LGM","DAMOCLES"
"348","6","70.147173",NA,NA,"614.5",NA,"0.613886113886114","1000","La Meije","MNTD","Poales",0,"LGM","DAMOCLES"
"349","14","24.4135252142857","53.4882299907594","8.69916714267248","1",-3.34224004432011,"0.000999000999000999","1000","Sirac","MNTD","Poales",1,"LGM","DAMOCLES"
"350","5","60.3900246",NA,NA,"339.5",NA,"0.339160839160839","1000","Rouies","MNTD","Poales",0,"LGM","DAMOCLES"
"351","9","53.019507","51.2637212814365","18.6936550828622","599",0.0939241529160962,"0.598401598401598","1000","Olan","MNTD","Poales",0,"LGM","DAMOCLES"
"352","3","104.421407666667",NA,NA,"364.5",NA,"0.364135864135864","1000","Pelvoux","MNTD","Poales",0,"LGM","DAMOCLES"
"353","6","71.5866155",NA,NA,"630",NA,"0.629370629370629","1000","Occidentale Ailefroide","MNTD","Poales",0,"LGM","DAMOCLES"
"354","1",NA,NA,NA,"273",NA,"0.272727272727273","1000","Brevoort","MNTD","Poales",0,"LGM","DAMOCLES"
"355","6","42.0776765",NA,NA,"145",NA,"0.144855144855145","1000","Burlan","MNTD","Poales",0,"LGM","DAMOCLES"
"356","23","39.0727479565217","34.1571567717285","3.55489806672455","910",1.38276572000908,"0.909090909090909","1000","Rocher de la Selle","MNTD","Poales",0,"LGM","DAMOCLES"
"357","2","152.811214",NA,NA,"420",NA,"0.41958041958042","1000","Choisy","MNTD","Poales",0,"LGM","DAMOCLES"
"358","11","62.0758084545455","46.9566261864294","13.7132867640558","884",1.10252068145656,"0.883116883116883","1000","Muraillette","MNTD","Poales",0,"LGM","DAMOCLES"
"359","18","43.3067933888889","33.7659522668536","6.38096087511819","924",1.49520445411893,"0.923076923076923","1000","Rateau","MNTD","Poales",0,"LGM","DAMOCLES"
"360","18","44.4335796111111","36.9226221362602","6.14097213528088","891",1.22308932680206,"0.89010989010989","1000","Lauvitel","MNTD","Poales",0,"LGM","DAMOCLES"
"361","5","31.794979",NA,NA,"171.5",NA,"0.171328671328671","1000","Barre des Ecrins","MNTD","Lamiales",0,"LGM","DAMOCLES"
"362","3","55.94445",NA,NA,"350",NA,"0.34965034965035","1000","La Meije","MNTD","Lamiales",0,"LGM","DAMOCLES"
"363","6","54.1850438333333",NA,NA,"320",NA,"0.31968031968032","1000","Sirac","MNTD","Lamiales",0,"LGM","DAMOCLES"
"364","5","19.785531",NA,NA,"31",NA,"0.030969030969031","1000","Rouies","MNTD","Lamiales",0,"LGM","DAMOCLES"
"365","6","5.34143433333333",NA,NA,"3",NA,"0.002997002997003","1000","Olan","MNTD","Lamiales",0,"LGM","DAMOCLES"
"366","1",NA,NA,NA,"260",NA,"0.25974025974026","1000","Pelvoux","MNTD","Lamiales",0,"LGM","DAMOCLES"
"367","4","37.658948",NA,NA,"123",NA,"0.122877122877123","1000","Occidentale Ailefroide","MNTD","Lamiales",0,"LGM","DAMOCLES"
"368","1",NA,NA,NA,"1",NA,"0.000999000999000999","1000","Brevoort","MNTD","Lamiales",0,"LGM","DAMOCLES"
"369","4","40.9279285",NA,NA,"255",NA,"0.254745254745255","1000","Burlan","MNTD","Lamiales",0,"LGM","DAMOCLES"
"370","9","46.0476164444444","35.6268297332933","10.8480180257565","841",0.96061664779769,"0.84015984015984","1000","Rocher de la Selle","MNTD","Lamiales",0,"LGM","DAMOCLES"
"371","2","81.03732",NA,NA,"556.5",NA,"0.555944055944056","1000","Choisy","MNTD","Lamiales",0,"LGM","DAMOCLES"
"372","5","47.6525492",NA,NA,"125",NA,"0.124875124875125","1000","Muraillette","MNTD","Lamiales",0,"LGM","DAMOCLES"
"373","7","35.1522867142857",NA,NA,"19",NA,"0.018981018981019","1000","Rateau","MNTD","Lamiales",0,"LGM","DAMOCLES"
"374","8","46.88865675","38.9398897189516","12.5990352109337","750",0.630902834857571,"0.749250749250749","1000","Lauvitel","MNTD","Lamiales",0,"LGM","DAMOCLES"
"375","2","178.921875",NA,NA,"493",NA,"0.492507492507492","1000","Plat de la Selle","MNTD","Caryophyllales",0,"LGM","DAMOCLES"
"376","5","82.2739794",NA,NA,"574",NA,"0.573426573426573","1000","Barre des Ecrins","MNTD","Caryophyllales",0,"LGM","DAMOCLES"
"377","5","98.9802274",NA,NA,"704",NA,"0.703296703296703","1000","La Meije","MNTD","Caryophyllales",0,"LGM","DAMOCLES"
"378","7","54.4701865714286","75.2926848195067","20.4315791543463","119",-1.01913308270392,"0.118881118881119","1000","Sirac","MNTD","Caryophyllales",0,"LGM","DAMOCLES"
"379","4","97.8916215",NA,NA,"585.5",NA,"0.584915084915085","1000","Rouies","MNTD","Caryophyllales",0,"LGM","DAMOCLES"
"380","4","79.426166",NA,NA,"473",NA,"0.472527472527473","1000","Olan","MNTD","Caryophyllales",0,"LGM","DAMOCLES"
"381","1",NA,NA,NA,"278",NA,"0.277722277722278","1000","Pelvoux","MNTD","Caryophyllales",0,"LGM","DAMOCLES"
"382","4","97.8916215",NA,NA,"460.5",NA,"0.46003996003996","1000","Occidentale Ailefroide","MNTD","Caryophyllales",0,"LGM","DAMOCLES"
"383","3","101.623271666667",NA,NA,"416",NA,"0.415584415584416","1000","Burlan","MNTD","Caryophyllales",0,"LGM","DAMOCLES"
"384","14","49.5439544285714","57.1388729316079","6.14514803668796","110",-1.23592116214174,"0.10989010989011","1000","Rocher de la Selle","MNTD","Caryophyllales",0,"LGM","DAMOCLES"
"385","7","58.700821",NA,NA,"135",NA,"0.134865134865135","1000","Muraillette","MNTD","Caryophyllales",0,"LGM","DAMOCLES"
"386","5","102.415486",NA,NA,"769.5",NA,"0.768731268731269","1000","Rateau","MNTD","Caryophyllales",0,"LGM","DAMOCLES"
"387","14","47.7223321428571","56.883212377467","5.64906809312228","51.5",-1.62166220757069,"0.0514485514485514","1000","Lauvitel","MNTD","Caryophyllales",0,"LGM","DAMOCLES"
"388","39","105.047997673414","104.329572509669","5.70836952205399","539",0.125854705265632,"0.538461538461538","1000","All Summits","MPD","Asterales",0,"Regional","DAMOCLES"
"389","37","125.793363153153","134.023552315273","4.14625912789283","39",-1.98496739066639,"0.038961038961039","1000","All Summits","MPD","Poales",1,"Regional","DAMOCLES"
"390","21","69.2579570857143","73.3994949197922","2.63517953006744","36",-1.57163403359159,"0.035964035964036","1000","All Summits","MPD","Lamiales",1,"Regional","DAMOCLES"
"391","19","124.752208877193","119.765763117328","10.9146743411291","644",0.456857035218651,"0.643356643356643","1000","All Summits","MPD","Caryophyllales",0,"Regional","DAMOCLES"
"392","28","103.931927362434","104.311857461029","6.82904670692724","472",-0.0556344267216539,"0.471528471528472","1000","LGM","MPD","Asterales",0,"Regional","DAMOCLES"
"393","28","124.622877915344","134.08367816376","4.94975012817737","37",-1.91136926176517,"0.036963036963037","1000","LGM","MPD","Poales",1,"Regional","DAMOCLES"
"394","16","69.6565185083333","73.3229809605302","3.36773965202473","105",-1.08870127475339,"0.104895104895105","1000","LGM","MPD","Lamiales",0,"Regional","DAMOCLES"
"395","17","121.797618117647","120.1276299635","11.7710080535164","521",0.141872993931706,"0.520479520479521","1000","LGM","MPD","Caryophyllales",0,"Regional","DAMOCLES"
"396","163","263.51901332379","276.426902511413","4.82488321387261","10",-2.67527494769414,"0.00999000999000999","1000","LGM","MPD","Spermatophyta",1,"All Summits","DAMOCLES"
"397","28","103.931927362434","104.9662694545","4.48207522908141","368",-0.230773032401265,"0.367632367632368","1000","LGM","MPD","Asterales",0,"All Summits","DAMOCLES"
"398","28","124.622877915344","126.64632896545","3.28462248292262","252",-0.616037630085861,"0.251748251748252","1000","LGM","MPD","Poales",0,"All Summits","DAMOCLES"
"399","16","69.6565185083333","69.2314684636576","1.46246738171506","595",0.2906389913307,"0.594405594405594","1000","LGM","MPD","Lamiales",0,"All Summits","DAMOCLES"
"400","17","121.797618117647","123.29030597375","4.50805873177685","338",-0.331115441238756,"0.337662337662338","1000","LGM","MPD","Caryophyllales",0,"All Summits","DAMOCLES"
"401","5","82.095477",NA,NA,"96",NA,"0.0959040959040959","1000","Plat de la Selle","MPD","Asterales",0,"All Summits","DAMOCLES"
"402","7","76.7678733333333",NA,NA,"23",NA,"0.022977022977023","1000","Barre des Ecrins","MPD","Asterales",0,"All Summits","DAMOCLES"
"403","4","96.5512798333333",NA,NA,"367",NA,"0.366633366633367","1000","La Meije","MPD","Asterales",0,"All Summits","DAMOCLES"
"404","13","101.530671666667","104.55131244181","10.574737761737","364",-0.285646873066966,"0.363636363636364","1000","Sirac","MPD","Asterales",0,"All Summits","DAMOCLES"
"405","10","87.2523208666667","104.481162523745","12.9242532811129","82",-1.33306283019507,"0.0819180819180819","1000","Rouies","MPD","Asterales",0,"All Summits","DAMOCLES"
"406","10","83.5392948","103.280936733432","12.6536572163146","32",-1.56015305266674,"0.031968031968032","1000","Olan","MPD","Asterales",1,"All Summits","DAMOCLES"
"407","5","72.5050954",NA,NA,"36",NA,"0.035964035964036","1000","Occidentale Ailefroide","MPD","Asterales",0,"All Summits","DAMOCLES"
"408","2","102.297246",NA,NA,"316",NA,"0.315684315684316","1000","Brevoort","MPD","Asterales",0,"All Summits","DAMOCLES"
"409","5","90.8131442",NA,NA,"260",NA,"0.25974025974026","1000","Burlan","MPD","Asterales",0,"All Summits","DAMOCLES"
"410","31","109.183555694624","105.180558820694","3.40004870949551","891",1.17733515486123,"0.89010989010989","1000","Rocher de la Selle","MPD","Asterales",0,"All Summits","DAMOCLES"
"411","3","98.923626",NA,NA,"391",NA,"0.390609390609391","1000","Choisy","MPD","Asterales",0,"All Summits","DAMOCLES"
"412","11","85.6547364727273","104.972528617324","12.4468991990528","45",-1.55201643683805,"0.044955044955045","1000","Muraillette","MPD","Asterales",1,"All Summits","DAMOCLES"
"413","16","85.14326905","104.393969987194","8.33022538446956","5",-2.31094598869843,"0.004995004995005","1000","Rateau","MPD","Asterales",1,"All Summits","DAMOCLES"
"414","12","100.627738984848","103.939808390502","10.5472477018088","336",-0.314022150545105,"0.335664335664336","1000","Lauvitel","MPD","Asterales",0,"All Summits","DAMOCLES"
"415","11","115.448578181818","127.604963004624","11.2179911781497","118",-1.08365077398919,"0.117882117882118","1000","Plat de la Selle","MPD","Poales",0,"All Summits","DAMOCLES"
"416","10","110.3235262","126.158026836361","12.9999840632858","102",-1.21804000368585,"0.101898101898102","1000","Barre des Ecrins","MPD","Poales",0,"All Summits","DAMOCLES"
"417","6","134.818644466667",NA,NA,"625",NA,"0.624375624375624","1000","La Meije","MPD","Poales",0,"All Summits","DAMOCLES"
"418","14","99.446418032967","133.427994797357","6.62633171917654","2",-5.12826375203156,"0.001998001998002","1000","Sirac","MPD","Poales",1,"All Summits","DAMOCLES"
"419","5","119.0120632",NA,NA,"291",NA,"0.290709290709291","1000","Rouies","MPD","Poales",0,"All Summits","DAMOCLES"
"420","9","121.903561833333","125.069911593274","16.7512302296987","324",-0.189021923555607,"0.323676323676324","1000","Olan","MPD","Poales",0,"All Summits","DAMOCLES"
"421","3","140.482278666667",NA,NA,"337",NA,"0.336663336663337","1000","Pelvoux","MPD","Poales",0,"All Summits","DAMOCLES"
"422","6","111.1284894",NA,NA,"173",NA,"0.172827172827173","1000","Occidentale Ailefroide","MPD","Poales",0,"All Summits","DAMOCLES"
"423","1",NA,NA,NA,"257",NA,"0.256743256743257","1000","Brevoort","MPD","Poales",0,"All Summits","DAMOCLES"
"424","6","119.860346133333",NA,NA,"294",NA,"0.293706293706294","1000","Burlan","MPD","Poales",0,"All Summits","DAMOCLES"
"425","29","126.334604866995","125.994555479319","3.48736285434481","495",0.0975090353023591,"0.494505494505495","1000","Rocher de la Selle","MPD","Poales",0,"All Summits","DAMOCLES"
"426","2","28.14614",NA,NA,"33.5",NA,"0.0334665334665335","1000","Choisy","MPD","Poales",0,"All Summits","DAMOCLES"
"427","11","103.080924472727","126.703104633526","11.0582241851906","35",-2.13616397761529,"0.034965034965035","1000","Muraillette","MPD","Poales",1,"All Summits","DAMOCLES"
"428","22","115.689540515152","125.650976049198","5.62310787316206","59",-1.77151777250979,"0.0589410589410589","1000","Rateau","MPD","Poales",0,"All Summits","DAMOCLES"
"429","18","116.91698848366","125.687992255875","7.15372479831289","104",-1.22607508948106,"0.103896103896104","1000","Lauvitel","MPD","Poales",0,"All Summits","DAMOCLES"
"430","2","81.037318",NA,NA,"466.5",NA,"0.466033966033966","1000","Plat de la Selle","MPD","Lamiales",0,"All Summits","DAMOCLES"
"431","5","70.7112986",NA,NA,"462",NA,"0.461538461538462","1000","Barre des Ecrins","MPD","Lamiales",0,"All Summits","DAMOCLES"
"432","3","68.4908853333333",NA,NA,"263",NA,"0.262737262737263","1000","La Meije","MPD","Lamiales",0,"All Summits","DAMOCLES"
"433","6","72.7130066666667","74.2903477007316","3.50969165196429","238",-0.449424391223127,"0.237762237762238","1000","Sirac","MPD","Lamiales",0,"All Summits","DAMOCLES"
"434","5","67.7089362",NA,NA,"317",NA,"0.316683316683317","1000","Rouies","MPD","Lamiales",0,"All Summits","DAMOCLES"
"435","6","70.9439572666667",NA,NA,"562",NA,"0.561438561438561","1000","Olan","MPD","Lamiales",0,"All Summits","DAMOCLES"
"436","2","73.188451",NA,NA,"230",NA,"0.22977022977023","1000","Pelvoux","MPD","Lamiales",0,"All Summits","DAMOCLES"
"437","4","70.6488603333333",NA,NA,"301",NA,"0.300699300699301","1000","Occidentale Ailefroide","MPD","Lamiales",0,"All Summits","DAMOCLES"
"438","1",NA,NA,NA,"1",NA,"0.000999000999000999","1000","Brevoort","MPD","Lamiales",0,"All Summits","DAMOCLES"
"439","5","61.9424534",NA,NA,"118",NA,"0.117882117882118","1000","Burlan","MPD","Lamiales",0,"All Summits","DAMOCLES"
"440","11","71.3936741090909","70.9770204735311","2.48899713594863","544",0.167398198070249,"0.543456543456543","1000","Rocher de la Selle","MPD","Lamiales",0,"All Summits","DAMOCLES"
"441","2","81.03732",NA,NA,"584.5",NA,"0.583916083916084","1000","Choisy","MPD","Lamiales",0,"All Summits","DAMOCLES"
"442","5","70.441823",NA,NA,"456",NA,"0.455544455544456","1000","Muraillette","MPD","Lamiales",0,"All Summits","DAMOCLES"
"443","9","69.7821598333333","70.4002183386826","3.65866004302745","358",-0.168930290893551,"0.357642357642358","1000","Rateau","MPD","Lamiales",0,"All Summits","DAMOCLES"
"444","8","67.2405751428571","69.1824383575544","4.71958050292989","278",-0.41144826611004,"0.277722277722278","1000","Lauvitel","MPD","Lamiales",0,"All Summits","DAMOCLES"
"445","2","178.921875",NA,NA,"536",NA,"0.535464535464535","1000","Plat de la Selle","MPD","Caryophyllales",0,"All Summits","DAMOCLES"
"446","5","123.0901374",NA,NA,"408.5",NA,"0.408091908091908","1000","Barre des Ecrins","MPD","Caryophyllales",0,"All Summits","DAMOCLES"
"447","5","128.4296138",NA,NA,"459",NA,"0.458541458541459","1000","La Meije","MPD","Caryophyllales",0,"All Summits","DAMOCLES"
"448","7","120.58254952381","124.037240346474","20.741756528262","362.5",-0.166557293156792,"0.362137862137862","1000","Sirac","MPD","Caryophyllales",0,"All Summits","DAMOCLES"
"449","4","149.116654833333",NA,NA,"751.5",NA,"0.750749250749251","1000","Rouies","MPD","Caryophyllales",0,"All Summits","DAMOCLES"
"450","4","119.817059333333",NA,NA,"326",NA,"0.325674325674326","1000","Olan","MPD","Caryophyllales",0,"All Summits","DAMOCLES"
"451","1",NA,NA,NA,"268",NA,"0.267732267732268","1000","Pelvoux","MPD","Caryophyllales",0,"All Summits","DAMOCLES"
"452","4","149.116654833333",NA,NA,"695.5",NA,"0.694805194805195","1000","Occidentale Ailefroide","MPD","Caryophyllales",0,"All Summits","DAMOCLES"
"453","2","178.921876",NA,NA,"588",NA,"0.587412587412587","1000","Brevoort","MPD","Caryophyllales",0,"All Summits","DAMOCLES"
"454","3","144.148955333333",NA,NA,"509",NA,"0.508491508491508","1000","Burlan","MPD","Caryophyllales",0,"All Summits","DAMOCLES"
"455","15","120.336285771429","124.512898650674","7.34552198357337","245.5",-0.568593067801793,"0.245254745254745","1000","Rocher de la Selle","MPD","Caryophyllales",0,"All Summits","DAMOCLES"
"456","2","178.921876",NA,NA,"592.5",NA,"0.591908091908092","1000","Choisy","MPD","Caryophyllales",0,"All Summits","DAMOCLES"
"457","7","100.500673047619",NA,NA,"108",NA,"0.107892107892108","1000","Muraillette","MPD","Caryophyllales",0,"All Summits","DAMOCLES"
"458","6","139.664542466667",NA,NA,"620",NA,"0.619380619380619","1000","Rateau","MPD","Caryophyllales",0,"All Summits","DAMOCLES"
"459","14","110.83776421978","123.629040430327","8.69902941024821","74",-1.47042567708503,"0.0739260739260739","1000","Lauvitel","MPD","Caryophyllales",0,"All Summits","DAMOCLES"
"460","5","74.2545588",NA,NA,"34",NA,"0.033966033966034","1000","Plat de la Selle","MPD","Asterales",0,"LGM","DAMOCLES"
"461","7","73.9266513333333",NA,NA,"29",NA,"0.028971028971029","1000","Barre des Ecrins","MPD","Asterales",0,"LGM","DAMOCLES"
"462","4","95.4487376666667",NA,NA,"410",NA,"0.40959040959041","1000","La Meije","MPD","Asterales",0,"LGM","DAMOCLES"
"463","11","102.754694145455","103.845594997811","11.9984883538285","404",-0.0909198575842821,"0.403596403596404","1000","Sirac","MPD","Asterales",0,"LGM","DAMOCLES"
"464","10","104.383372755556","103.785978002921","12.3916037276771","467",0.0482096398305536,"0.466533466533467","1000","Rouies","MPD","Asterales",0,"LGM","DAMOCLES"
"465","10","85.6340575111111","102.488994309238","10.7947169448534","50",-1.56140609190897,"0.04995004995005","1000","Olan","MPD","Asterales",1,"LGM","DAMOCLES"
"466","2","105.099755",NA,NA,"419",NA,"0.418581418581419","1000","Pelvoux","MPD","Asterales",0,"LGM","DAMOCLES"
"467","5","71.6683194",NA,NA,"40",NA,"0.03996003996004","1000","Occidentale Ailefroide","MPD","Asterales",0,"LGM","DAMOCLES"
"468","2","102.297246",NA,NA,"312.5",NA,"0.312187812187812","1000","Brevoort","MPD","Asterales",0,"LGM","DAMOCLES"
"469","5","85.8170692",NA,NA,"192",NA,"0.191808191808192","1000","Burlan","MPD","Asterales",0,"LGM","DAMOCLES"
"470","21","93.6333640666667","104.038543581415","5.01286400995211","24",-2.07569554930898,"0.023976023976024","1000","Rocher de la Selle","MPD","Asterales",1,"LGM","DAMOCLES"
"471","3","98.9236253333333",NA,NA,"404",NA,"0.403596403596404","1000","Choisy","MPD","Asterales",0,"LGM","DAMOCLES"
"472","11","100.372489563636","102.526228336647","11.5206948484382","399",-0.18694521479342,"0.398601398601399","1000","Muraillette","MPD","Asterales",0,"LGM","DAMOCLES"
"473","14","116.376914659341","101.892622500972","8.46302877957563","974",1.71147854221231,"0.973026973026973","1000","Rateau","MPD","Asterales",1,"LGM","DAMOCLES"
"474","11","103.032918327273","107.650929561466","6.70790272802069","178",-0.688443381103714,"0.177822177822178","1000","Lauvitel","MPD","Asterales",0,"LGM","DAMOCLES"
"475","11","123.782915345455","124.578801505392","12.2249552433124","407",-0.0651034007157285,"0.406593406593407","1000","Plat de la Selle","MPD","Poales",0,"LGM","DAMOCLES"
"476","10","115.754302155556","123.443275412224","14.0146450299113","240",-0.548638459287263,"0.23976023976024","1000","Barre des Ecrins","MPD","Poales",0,"LGM","DAMOCLES"
"477","6","148.935438066667",NA,NA,"904.5",NA,"0.903596403596404","1000","La Meije","MPD","Poales",0,"LGM","DAMOCLES"
"478","14","98.8813477582418","130.592424962277","6.75211237615548","2",-4.69646762930372,"0.001998001998002","1000","Sirac","MPD","Poales",1,"LGM","DAMOCLES"
"479","5","143.9450784",NA,NA,"753",NA,"0.752247752247752","1000","Rouies","MPD","Poales",0,"LGM","DAMOCLES"
"480","9","128.790192944444","124.352325506242","16.3076318166435","542",0.272134390088049,"0.541458541458541","1000","Olan","MPD","Poales",0,"LGM","DAMOCLES"
"481","3","140.482278666667",NA,NA,"315",NA,"0.314685314685315","1000","Pelvoux","MPD","Poales",0,"LGM","DAMOCLES"
"482","6","108.258582133333",NA,NA,"174",NA,"0.173826173826174","1000","Occidentale Ailefroide","MPD","Poales",0,"LGM","DAMOCLES"
"483","1",NA,NA,NA,"273",NA,"0.272727272727273","1000","Brevoort","MPD","Poales",0,"LGM","DAMOCLES"
"484","6","119.7188552",NA,NA,"353",NA,"0.352647352647353","1000","Burlan","MPD","Poales",0,"LGM","DAMOCLES"
"485","23","120.910581675889","124.172133153152","3.7670612903165","179",-0.865807913889468,"0.178821178821179","1000","Rocher de la Selle","MPD","Poales",0,"LGM","DAMOCLES"
"486","2","152.811214",NA,NA,"402",NA,"0.401598401598402","1000","Choisy","MPD","Poales",0,"LGM","DAMOCLES"
"487","11","102.6686728","123.757725075882","13.3425423706525","68",-1.58058724417235,"0.0679320679320679","1000","Muraillette","MPD","Poales",0,"LGM","DAMOCLES"
"488","18","127.053628163399","124.931588169165","6.52385708157161","595",0.325273832289817,"0.594405594405594","1000","Rateau","MPD","Poales",0,"LGM","DAMOCLES"
"489","18","127.387061398693","124.217692189939","6.85782464842412","638",0.462153725304445,"0.637362637362637","1000","Lauvitel","MPD","Poales",0,"LGM","DAMOCLES"
"490","5","67.8528638",NA,NA,"319.5",NA,"0.319180819180819","1000","Barre des Ecrins","MPD","Lamiales",0,"LGM","DAMOCLES"
"491","3","68.4908853333333",NA,NA,"274.5",NA,"0.274225774225774","1000","La Meije","MPD","Lamiales",0,"LGM","DAMOCLES"
"492","6","72.9902313333333",NA,NA,"285",NA,"0.284715284715285","1000","Sirac","MPD","Lamiales",0,"LGM","DAMOCLES"
"493","5","64.8505018",NA,NA,"178",NA,"0.177822177822178","1000","Rouies","MPD","Lamiales",0,"LGM","DAMOCLES"
"494","6","64.3445943333333",NA,NA,"130",NA,"0.12987012987013","1000","Olan","MPD","Lamiales",0,"LGM","DAMOCLES"
"495","1",NA,NA,NA,"260",NA,"0.25974025974026","1000","Pelvoux","MPD","Lamiales",0,"LGM","DAMOCLES"
"496","4","66.5778626666667",NA,NA,"178",NA,"0.177822177822178","1000","Occidentale Ailefroide","MPD","Lamiales",0,"LGM","DAMOCLES"
"497","1",NA,NA,NA,"1",NA,"0.000999000999000999","1000","Brevoort","MPD","Lamiales",0,"LGM","DAMOCLES"
"498","4","66.2110715",NA,NA,"229",NA,"0.228771228771229","1000","Burlan","MPD","Lamiales",0,"LGM","DAMOCLES"
"499","9","72.7573307222222","69.8897089676374","3.08014658873011","854",0.931001714359019,"0.853146853146853","1000","Rocher de la Selle","MPD","Lamiales",0,"LGM","DAMOCLES"
"500","2","81.03732",NA,NA,"556.5",NA,"0.555944055944056","1000","Choisy","MPD","Lamiales",0,"LGM","DAMOCLES"
"501","5","71.2734974",NA,NA,"171",NA,"0.170829170829171","1000","Muraillette","MPD","Lamiales",0,"LGM","DAMOCLES"
"502","7","66.5906193333333",NA,NA,"16",NA,"0.015984015984016","1000","Rateau","MPD","Lamiales",0,"LGM","DAMOCLES"
"503","8","70.7432591428571","69.8110437092501","4.03847671388289","537",0.230833430437381,"0.536463536463537","1000","Lauvitel","MPD","Lamiales",0,"LGM","DAMOCLES"
"504","2","178.921875",NA,NA,"493",NA,"0.492507492507492","1000","Plat de la Selle","MPD","Caryophyllales",0,"LGM","DAMOCLES"
"505","5","123.0901374",NA,NA,"419",NA,"0.418581418581419","1000","Barre des Ecrins","MPD","Caryophyllales",0,"LGM","DAMOCLES"
"506","5","127.2666992",NA,NA,"397",NA,"0.396603396603397","1000","La Meije","MPD","Caryophyllales",0,"LGM","DAMOCLES"
"507","7","121.277533714286","125.229656755716","20.2120440515437","348",-0.195533070843907,"0.347652347652348","1000","Sirac","MPD","Caryophyllales",0,"LGM","DAMOCLES"
"508","4","151.911790833333",NA,NA,"777.5",NA,"0.776723276723277","1000","Rouies","MPD","Caryophyllales",0,"LGM","DAMOCLES"
"509","4","119.817059333333",NA,NA,"386",NA,"0.385614385614386","1000","Olan","MPD","Caryophyllales",0,"LGM","DAMOCLES"
"510","1",NA,NA,NA,"278",NA,"0.277722277722278","1000","Pelvoux","MPD","Caryophyllales",0,"LGM","DAMOCLES"
"511","4","151.911790833333",NA,NA,"688.5",NA,"0.687812187812188","1000","Occidentale Ailefroide","MPD","Caryophyllales",0,"LGM","DAMOCLES"
"512","3","140.272573333333",NA,NA,"443",NA,"0.442557442557443","1000","Burlan","MPD","Caryophyllales",0,"LGM","DAMOCLES"
"513","14","112.213461340659","121.816496466195","7.43292311609853","95",-1.29195943177957,"0.0949050949050949","1000","Rocher de la Selle","MPD","Caryophyllales",0,"LGM","DAMOCLES"
"514","7","99.9469041904762",NA,NA,"63",NA,"0.0629370629370629","1000","Muraillette","MPD","Caryophyllales",0,"LGM","DAMOCLES"
"515","5","147.942738",NA,NA,"827.5",NA,"0.826673326673327","1000","Rateau","MPD","Caryophyllales",0,"LGM","DAMOCLES"
"516","14","110.043002714286","121.739871117866","7.310583554631","69.5",-1.59999106995643,"0.0694305694305694","1000","Lauvitel","MPD","Caryophyllales",0,"LGM","DAMOCLES"
