"","run","root.state","n","n.RD","mntd.RD","mpd.RD","n.DAMOCLES","mntd.DAMOCLES","mpd.DAMOCLES","loglik.DAMOCLES","mu.DAMOCLES","gamma_0.DAMOCLES"
"1",1,0,4,4,72.270485,76.1528243333333,3,67.724279,71.467896,NA,NA,NA
"2",2,0,4,4,36.053646,66.0427613333333,5,67.6058026,76.8055694,NA,NA,NA
"3",3,0,4,4,44.400337,68.8249923333333,5,62.5216512,73.028556,NA,NA,NA
"4",4,0,4,4,71.3198,77.798146,1,NA,NA,NA,NA,NA
"5",5,0,4,4,40.9279285,66.2110715,1,NA,NA,NA,NA,NA
"6",6,0,4,4,65.7043745,75.9263378333333,3,68.814211,70.200334,NA,NA,NA
"7",7,0,4,4,23.517295,61.8639783333333,4,55.220106,70.9751308333333,NA,NA,NA
"8",8,0,4,4,71.05253975,76.2526083333333,3,74.736744,77.8870313333333,NA,NA,NA
"9",9,0,4,4,61.73940825,71.2023751666667,6,63.3393905,72.7302642666667,NA,NA,NA
"10",10,0,4,4,53.689339,71.9213263333333,6,52.044746,73.6852569333333,NA,NA,NA
"11",11,0,4,4,56.680882,72.9185066666667,6,71.6756848333333,76.9117616,NA,NA,NA
"12",12,0,4,4,52.412393,67.2315135,6,36.7007046666667,62.654215,NA,NA,NA
"13",13,0,4,4,33.427394,52.4871568333333,2,81.037319,81.037319,NA,NA,NA
"14",14,0,4,4,71.3198005,77.7981465,4,60.25545,72.1478128333333,NA,NA,NA
"15",15,0,4,4,50.95594125,64.31861,8,41.196423625,70.0191546071429,NA,NA,NA
"16",16,0,4,4,73.398985,78.4912076666667,5,48.1469172,71.6373886,NA,NA,NA
"17",17,0,4,4,76.34837325,78.0178861666667,2,81.037318,81.037318,NA,NA,NA
"18",18,0,4,4,40.25704075,61.8108153333333,5,20.4792894,60.2519162,NA,NA,NA
"19",19,0,4,4,65.7043755,75.9263388333333,3,71.9644986666667,76.5009093333333,NA,NA,NA
"20",20,0,4,4,40.880495,66.1952598333333,1,NA,NA,NA,NA,NA
"21",21,0,4,4,68.5845575,76.8863995,1,NA,NA,NA,NA,NA
"22",22,0,4,4,59.304764,73.793134,6,47.0884341666667,68.9084680666667,NA,NA,NA
"23",23,0,4,4,62.779,72.5884975,3,71.964498,76.5009093333333,NA,NA,NA
"24",24,0,4,4,65.704375,75.9263383333333,4,76.34837275,78.0178851666667,NA,NA,NA
"25",25,0,4,4,46.4795215,69.5180535,3,55.9444496666667,68.4908846666667,NA,NA,NA
"26",26,0,4,4,74.34967075,76.845886,4,41.1453245,66.2835365,NA,NA,NA
"27",27,0,4,4,76.34837325,78.0178856666667,5,57.268762,73.6775506,NA,NA,NA
"28",28,0,4,4,49.74850125,69.1512618333333,7,71.9981794285714,77.5052162857143,NA,NA,NA
"29",29,0,4,4,74.1999815,78.7582061666667,3,74.736744,77.8870313333333,NA,NA,NA
"30",30,0,4,4,40.78162525,66.1623038333333,0,NA,NA,NA,NA,NA
"31",31,0,4,4,41.56677175,66.4240196666667,3,75.8047393333333,78.4210293333333,NA,NA,NA
"32",32,0,4,4,71.3198005,77.7981465,4,58.815358,70.227691,NA,NA,NA
"33",33,0,4,4,67.78356,76.6194,7,53.7060718571429,72.5817326666667,NA,NA,NA
"34",34,0,4,4,74.1999825,78.7582071666667,4,74.349671,76.8458865,NA,NA,NA
"35",35,0,4,4,62.77899975,72.588497,2,63.980662,63.980662,NA,NA,NA
"36",36,0,4,4,61.739408,71.2023746666667,5,67.605803,76.8055698,NA,NA,NA
"37",37,0,4,4,36.2186065,66.0977491666667,4,46.94078875,65.4076455,NA,NA,NA
"38",38,0,4,4,59.3047635,73.7931335,3,51.408039,59.4180633333333,NA,NA,NA
"39",39,0,4,4,71.3198005,77.7981465,4,51.0654565,71.0466985,NA,NA,NA
"40",40,0,4,4,58.81535875,70.227691,2,67.428087,67.428087,NA,NA,NA
"41",41,0,4,4,51.0654565,71.0466985,5,58.830322,73.4441846,NA,NA,NA
"42",42,0,4,4,31.7698405,49.534487,3,69.6662153333333,75.351768,NA,NA,NA
"43",43,0,4,4,49.74850075,69.1512613333333,6,26.7517116666667,64.185825,NA,NA,NA
"44",44,0,4,4,41.39712925,64.4216153333333,5,54.9978312,71.9689494,NA,NA,NA
"45",45,0,4,4,49.748501,69.1512618333333,1,NA,NA,NA,NA,NA
"46",46,0,4,4,76.34837325,78.0178856666667,4,59.3047635,73.7931335,NA,NA,NA
"47",47,0,4,4,35.1721485,56.339103,4,71.319801,77.798147,NA,NA,NA
"48",48,0,4,4,74.199983,78.7582076666667,6,21.896576,63.7395752666667,NA,NA,NA
"49",49,0,4,4,56.19147625,69.3530631666667,7,68.971989,77.0008516190476,NA,NA,NA
"50",50,0,4,4,38.07278275,62.4516435,6,68.2692453333333,76.9560379333333,NA,NA,NA
"51",51,0,4,4,50.95594125,64.31861,7,61.2833445714286,75.2316706666667,NA,NA,NA
"52",52,0,4,4,73.398985,78.4912076666667,6,36.8244791666667,69.5181180666667,NA,NA,NA
"53",53,0,4,4,56.19147625,69.3530631666667,3,77.1534493333333,79.0953846666667,NA,NA,NA
"54",54,0,4,4,59.304764,73.793134,4,35.7971605,65.9572665,NA,NA,NA
"55",55,0,4,4,58.9851735,73.6866041666667,6,50.960569,73.0784656666667,NA,NA,NA
"56",56,0,4,4,38.12021575,62.4674546666667,3,71.9644973333333,76.500908,NA,NA,NA
"57",57,0,4,4,49.748501,69.1512618333333,3,74.7367443333333,77.887032,NA,NA,NA
"58",58,0,4,4,41.669072,67.91457,7,45.8854205714286,72.856064,NA,NA,NA
"59",59,0,4,4,31.7698395,49.5344865,4,42.43672025,65.8077371666667,NA,NA,NA
"60",60,0,4,4,38.75905825,62.6804013333333,4,35.1721485,56.339103,NA,NA,NA
"61",61,0,4,4,37.658948,66.5778626666667,4,72.270487,76.1528253333333,NA,NA,NA
"62",62,0,4,4,71.0002085,77.6916151666667,3,55.9444486666667,68.490884,NA,NA,NA
"63",63,0,4,4,40.78162525,66.1623038333333,5,67.2011902,76.4009574,NA,NA,NA
"64",64,0,4,4,74.34967075,76.8458865,2,32.315795,32.315795,NA,NA,NA
"65",65,0,4,4,76.34837325,78.0178856666667,1,NA,NA,NA,NA,NA
"66",66,0,4,4,41.14532425,66.283536,4,68.5845565,76.8863985,NA,NA,NA
"67",67,0,4,4,26.4630325,44.7269491666667,4,46.781651,54.5384241666667,NA,NA,NA
"68",68,0,4,4,36.218607,66.0977496666667,4,71.05254,76.2526088333333,NA,NA,NA
"69",69,0,4,4,73.3989845,78.4912071666667,1,NA,NA,NA,NA,NA
"70",70,0,4,4,59.304764,73.793134,5,41.6233362,62.13562,NA,NA,NA
"71",71,0,4,4,38.1202155,62.4674541666667,3,55.9444503333333,68.4908846666667,NA,NA,NA
"72",72,0,4,4,67.78356,76.6194,5,73.3568786,77.9398792,NA,NA,NA
"73",73,0,4,4,71.3198005,77.7981465,8,55.500370625,69.3958980357143,NA,NA,NA
"74",74,0,4,4,59.3047645,73.7931345,5,57.589161,73.9979498,NA,NA,NA
"75",75,0,4,4,36.0536455,66.0427608333333,3,30.1038536666667,51.6461526666667,NA,NA,NA
"76",76,0,4,4,26.7061725,62.9269371666667,1,NA,NA,NA,NA,NA
"77",77,0,4,4,22.9059565,37.8707438333333,5,71.8424698,77.864736,NA,NA,NA
"78",78,0,4,4,74.199982,78.7582066666667,5,73.3568786,77.9398792,NA,NA,NA
"79",79,0,4,4,71.05253925,76.2526078333333,2,81.037319,81.037319,NA,NA,NA
"80",80,0,4,4,68.5845575,76.8863995,7,29.2531831428571,60.6152304761905,NA,NA,NA
"81",81,0,4,4,36.2711085,66.1152491666667,5,12.7211652,57.5252202,NA,NA,NA
"82",82,0,4,4,74.34967125,76.845887,6,54.8364158333333,70.3366076,NA,NA,NA
"83",83,0,4,4,49.74850125,69.1512618333333,3,77.153449,79.095384,NA,NA,NA
"84",84,0,4,4,42.83722,66.3417361666667,8,45.263045625,73.521558,NA,NA,NA
"85",85,0,4,4,56.6808825,72.9185071666667,6,56.2582716666667,70.0493741333333,NA,NA,NA
"86",86,0,4,4,56.6808815,72.9185061666667,4,46.94078825,65.4076445,NA,NA,NA
"87",87,0,4,4,55.220105,70.9751293333333,2,38.150251,38.150251,NA,NA,NA
"88",88,0,4,4,61.7394075,71.2023741666667,4,74.3496705,76.845886,NA,NA,NA
"89",89,0,4,4,41.56677125,66.4240191666667,2,75.211514,75.211514,NA,NA,NA
"90",90,0,4,4,41.886535,67.9870583333333,1,NA,NA,NA,NA,NA
"91",91,0,4,4,38.07278225,62.4516425,7,46.5534685714286,70.1903728571429,NA,NA,NA
"92",92,0,4,4,71.86998825,75.6188273333333,1,NA,NA,NA,NA,NA
"93",93,0,4,4,71.3198005,77.7981465,4,74.34967125,76.845887,NA,NA,NA
"94",94,0,4,4,67.78356,76.6194,6,71.6756838333333,76.9117609333333,NA,NA,NA
"95",95,0,4,4,36.2711085,66.1152491666667,1,NA,NA,NA,NA,NA
"96",96,0,4,4,71.0525395,76.2526083333333,4,67.7835595,76.6193995,NA,NA,NA
"97",97,0,4,4,67.78356,76.6194,4,74.1999825,78.7582071666667,NA,NA,NA
"98",98,0,4,4,74.3496705,76.845886,4,49.748501,69.1512618333333,NA,NA,NA
"99",99,0,4,4,51.951126,71.341922,1,NA,NA,NA,NA,NA
"100",100,0,4,4,59.37669225,66.4769431666667,3,48.5563033333333,64.796812,NA,NA,NA
"101",101,0,4,4,49.7485015,69.1512623333333,7,53.9071244285714,74.0023008571429,NA,NA,NA
"102",102,0,4,4,71.05253875,76.2526073333333,5,67.6058026,76.8055694,NA,NA,NA
"103",103,0,4,4,40.7809535,67.6185315,2,75.211514,75.211514,NA,NA,NA
"104",104,0,4,4,46.9407885,65.407645,2,63.980663,63.980663,NA,NA,NA
"105",105,0,4,4,56.19147525,69.3530626666667,4,68.584557,76.886399,NA,NA,NA
"106",106,0,4,4,71.000209,77.6916156666667,4,51.065456,71.046698,NA,NA,NA
"107",107,0,4,4,35.5323305,65.8689898333333,1,NA,NA,NA,NA,NA
"108",108,0,4,4,74.1999825,78.7582071666667,4,76.3483735,78.0178861666667,NA,NA,NA
"109",109,0,4,4,71.052539,76.2526078333333,1,NA,NA,NA,NA,NA
"110",110,0,4,4,41.194712,67.7564493333333,4,38.12021575,62.4674546666667,NA,NA,NA
"111",111,0,4,4,74.349671,76.8458865,4,71.0002095,77.6916161666667,NA,NA,NA
"112",112,0,4,4,33.7054385,54.5382585,7,48.0230664285714,72.6509751428571,NA,NA,NA
"113",113,0,4,4,65.704375,75.9263383333333,2,81.03732,81.03732,NA,NA,NA
"114",114,0,4,4,36.053646,66.0427613333333,4,39.03441325,59.6961833333333,NA,NA,NA
"115",115,0,4,4,74.199983,78.7582076666667,4,71.0525395,76.2526083333333,NA,NA,NA
"116",116,0,4,4,42.4367205,65.8077376666667,1,NA,NA,NA,NA,NA
"117",117,0,4,4,59.304764,73.793134,2,73.188452,73.188452,NA,NA,NA
"118",118,0,4,4,73.398986,78.4912086666667,4,59.304764,73.793134,NA,NA,NA
"119",119,0,4,4,74.1999825,78.7582071666667,4,74.1999825,78.7582071666667,NA,NA,NA
"120",120,0,4,4,71.0525395,76.2526083333333,3,77.153448,79.0953833333333,NA,NA,NA
"121",121,0,4,4,67.78356,76.6194,4,49.7485015,69.1512623333333,NA,NA,NA
"122",122,0,4,4,71.3198,77.798146,5,67.2011896,76.400957,NA,NA,NA
"123",123,0,4,4,28.5316025,54.4625918333333,4,41.39712875,64.4216143333333,NA,NA,NA
"124",124,0,4,4,32.11545275,50.7379016666667,6,41.5284983333333,65.3053979333333,NA,NA,NA
"125",125,0,4,4,76.34837275,78.0178851666667,2,81.037319,81.037319,NA,NA,NA
"126",126,0,4,4,71.0525395,76.2526083333333,7,46.0225285714286,67.24116,NA,NA,NA
"127",127,0,4,4,71.05254,76.2526088333333,3,57.226892,65.207672,NA,NA,NA
"128",128,0,4,4,58.81536,70.227692,1,NA,NA,NA,NA,NA
"129",129,0,4,4,42.4649885,66.2176585,5,47.8265184,71.3169894,NA,NA,NA
"130",130,0,4,4,41.14532425,66.283536,6,39.0050231666667,67.2917856,NA,NA,NA
"131",131,0,4,4,44.400337,68.8249923333333,2,63.980663,63.980663,NA,NA,NA
"132",132,0,4,4,71.3198005,77.7981465,3,77.1534483333333,79.095384,NA,NA,NA
"133",133,0,4,4,24.5008165,40.8025156666667,7,61.2833442857143,75.2316703809524,NA,NA,NA
"134",134,0,4,4,50.1839585,61.3430396666667,4,36.2186065,66.0977491666667,NA,NA,NA
"135",135,0,4,4,48.2217405,57.4186051666667,2,43.398015,43.398015,NA,NA,NA
"136",136,0,4,4,44.400336,68.8249913333333,2,63.980663,63.980663,NA,NA,NA
"137",137,0,4,4,46.322064,60.3927466666667,3,71.9644973333333,76.500908,NA,NA,NA
"138",138,0,4,4,49.8719415,70.6488608333333,5,67.6058032,76.8055702,NA,NA,NA
"139",139,0,4,4,65.704375,75.9263383333333,8,44.8864455,72.8661047857143,NA,NA,NA
"140",140,0,4,4,46.9407885,65.407645,3,52.4459396666667,66.7416293333333,NA,NA,NA
"141",141,0,4,4,72.27048575,76.1528243333333,4,71.869988,75.6188268333333,NA,NA,NA
"142",142,0,4,4,76.34837325,78.0178861666667,6,51.7272373333333,70.4078339333333,NA,NA,NA
"143",143,0,4,4,65.7043755,75.9263388333333,3,77.1534483333333,79.095384,NA,NA,NA
"144",144,0,4,4,73.3989845,78.4912071666667,3,77.153448,79.0953833333333,NA,NA,NA
"145",145,0,4,4,41.514304,67.8629806666667,9,51.2552663333333,69.2101508888889,NA,NA,NA
"146",146,0,4,4,56.19147625,69.3530631666667,4,39.03441325,59.6961833333333,NA,NA,NA
"147",147,0,4,4,38.75905875,62.6804023333333,2,81.037319,81.037319,NA,NA,NA
"148",148,0,4,4,41.5143035,67.8629801666667,2,75.211514,75.211514,NA,NA,NA
"149",149,0,4,4,56.19147625,69.3530631666667,2,73.188452,73.188452,NA,NA,NA
"150",150,0,4,4,38.07278275,62.4516435,2,73.188452,73.188452,NA,NA,NA
"151",151,0,4,4,26.8441905,51.6018385,1,NA,NA,NA,NA,NA
"152",152,0,4,4,62.228813,74.7678176666667,2,81.037318,81.037318,NA,NA,NA
"153",153,0,4,4,56.680881,72.9185056666667,2,81.037319,81.037319,NA,NA,NA
"154",154,0,4,4,71.86998625,75.6188258333333,5,57.2440014,74.2151194,NA,NA,NA
"155",155,0,4,4,21.774577,39.8486046666667,3,68.814209,70.2003326666667,NA,NA,NA
"156",156,0,4,4,56.6808825,72.9185071666667,0,NA,NA,NA,NA,NA
"157",157,0,4,4,57.6315665,71.2731845,5,56.4370886,72.8458774,NA,NA,NA
"158",158,0,4,4,21.158242,61.0776266666667,4,59.3047635,73.7931335,NA,NA,NA
"159",159,0,4,4,67.7835595,76.6193995,2,81.037318,81.037318,NA,NA,NA
"160",160,0,4,4,67.7835595,76.6193995,4,45.48433675,62.4947415,NA,NA,NA
"161",161,0,4,4,71.3198005,77.7981465,2,81.03732,81.03732,NA,NA,NA
"162",162,0,4,4,34.0776695,54.6623351666667,4,61.739408,71.2023746666667,NA,NA,NA
"163",163,0,4,4,38.12021575,62.4674546666667,4,21.92088,39.8973723333333,NA,NA,NA
"164",164,0,4,4,42.21925875,65.7352498333333,4,71.3197995,77.7981455,NA,NA,NA
"165",165,0,4,4,71.3198015,77.7981475,6,59.7990383333333,72.7536749333333,NA,NA,NA
"166",166,0,4,4,59.8549515,71.6138148333333,4,56.6808815,72.9185061666667,NA,NA,NA
"167",167,0,4,4,49.74850075,69.1512613333333,5,56.4370888,72.8458774,NA,NA,NA
"168",168,0,4,4,55.220106,70.9751308333333,3,52.44594,66.74163,NA,NA,NA
"169",169,0,4,4,46.94078875,65.4076455,3,71.9644983333333,76.5009086666667,NA,NA,NA
"170",170,0,4,4,60.25545025,72.1478133333333,2,81.037319,81.037319,NA,NA,NA
"171",171,0,4,4,76.3483735,78.0178861666667,4,51.065457,71.046699,NA,NA,NA
"172",172,0,4,4,52.752123,71.608921,2,81.037319,81.037319,NA,NA,NA
"173",173,0,4,4,50.18395775,61.3430396666667,3,75.8047416666667,78.4210313333333,NA,NA,NA
"174",174,0,4,4,20.794542,60.956394,6,29.0087336666667,69.2641348,NA,NA,NA
"175",175,0,4,4,30.84284175,52.1254463333333,9,56.9750306666667,75.3957761111111,NA,NA,NA
"176",176,0,4,4,71.052539,76.2526078333333,2,32.315795,32.315795,NA,NA,NA
"177",177,0,4,4,46.94078875,65.4076455,3,29.500067,55.268694,NA,NA,NA
"178",178,0,4,4,41.566771,66.4240186666667,4,38.2977915,66.7908108333333,NA,NA,NA
"179",179,0,4,4,41.14532475,66.283537,4,71.3198005,77.7981465,NA,NA,NA
"180",180,0,4,4,73.3989845,78.4912071666667,0,NA,NA,NA,NA,NA
"181",181,0,4,4,35.433461,65.8360343333333,8,54.517425,74.5803304285714,NA,NA,NA
"182",182,0,4,4,60.25545125,72.1478138333333,7,64.5383917142857,75.9648921904762,NA,NA,NA
"183",183,0,4,4,58.9851725,73.6866031666667,7,45.2284395714286,67.8560566666667,NA,NA,NA
"184",184,0,4,4,52.752123,71.608921,5,34.3637296,60.419212,NA,NA,NA
"185",185,0,4,4,55.2201055,70.9751303333333,3,71.9644963333333,76.5009073333333,NA,NA,NA
"186",186,0,4,4,50.18395775,61.3430396666667,7,53.2023578571429,68.1393853333333,NA,NA,NA
"187",187,0,4,4,49.74850075,69.1512613333333,3,32.7201416666667,56.87873,NA,NA,NA
"188",188,0,4,4,37.30260725,59.7674993333333,7,61.512201,75.4605272380952,NA,NA,NA
"189",189,0,4,4,56.680882,72.9185066666667,4,49.8719415,70.6488608333333,NA,NA,NA
"190",190,0,4,4,59.304765,73.793135,2,75.211513,75.211513,NA,NA,NA
"191",191,0,4,4,42.21925875,65.7352498333333,4,41.39712825,64.4216148333333,NA,NA,NA
"192",192,0,4,4,47.280519,69.785053,2,63.980663,63.980663,NA,NA,NA
"193",193,0,4,4,55.220106,70.9751308333333,1,NA,NA,NA,NA,NA
"194",194,0,4,4,56.6808815,72.9185061666667,5,69.9099488,77.3816066,NA,NA,NA
"195",195,0,4,4,58.81535825,70.2276915,6,61.2233443333333,74.4054565333333,NA,NA,NA
"196",196,0,4,4,37.97391275,62.418687,4,73.398985,78.4912076666667,NA,NA,NA
"197",197,0,4,4,37.302607,59.7674988333333,5,74.1466154,78.4407724,NA,NA,NA
"198",198,0,4,4,36.2711085,66.1152491666667,5,42.328534,69.3187382,NA,NA,NA
"199",199,0,4,4,71.05253975,76.2526083333333,4,73.398985,78.4912076666667,NA,NA,NA
"200",200,0,4,4,38.12021575,62.4674546666667,7,43.0908374285714,70.1125027619048,NA,NA,NA
"201",201,0,4,4,65.7043745,75.9263378333333,7,52.5315737142857,73.1615527619048,NA,NA,NA
"202",202,0,4,4,68.5845575,76.8863995,9,53.4373745555556,74.4856167222222,NA,NA,NA
"203",203,0,4,4,57.231069,70.739187,3,77.153449,79.0953846666667,NA,NA,NA
"204",204,0,4,4,41.886534,67.9870573333333,1,NA,NA,NA,NA,NA
"205",205,0,4,4,49.74850075,69.1512613333333,5,61.7611028,74.8006358,NA,NA,NA
"206",206,0,4,4,56.853142,66.3032575,4,39.03441325,59.6961833333333,NA,NA,NA
"207",207,0,4,4,76.34837325,78.0178856666667,4,56.1914755,69.3530631666667,NA,NA,NA
"208",208,0,4,4,45.484337,62.494742,1,NA,NA,NA,NA,NA
"209",209,0,4,4,29.761418,63.945352,2,63.980663,63.980663,NA,NA,NA
"210",210,0,4,4,71.05253925,76.2526078333333,4,35.0173795,56.2875131666667,NA,NA,NA
"211",211,0,4,4,25.964312,45.336048,3,67.7242796666667,71.4678966666667,NA,NA,NA
"212",212,0,4,4,56.3612905,72.8119758333333,5,60.6737554,73.9050432,NA,NA,NA
"213",213,0,4,4,14.7496075,58.9414148333333,4,73.3989845,78.4912071666667,NA,NA,NA
"214",214,0,4,4,71.05254,76.2526088333333,4,56.6133875,72.8960095,NA,NA,NA
"215",215,0,4,4,24.66784375,35.8426836666667,6,60.9113488333333,74.0760586,NA,NA,NA
"216",216,0,4,4,46.94078875,65.4076455,4,33.860207,54.5898473333333,NA,NA,NA
"217",217,0,4,4,51.0654565,71.0466985,4,58.815358,70.227691,NA,NA,NA
"218",218,0,4,4,41.8865345,67.9870578333333,8,60.060773625,73.6537111428571,NA,NA,NA
"219",219,0,4,4,52.752123,71.608921,4,73.3989855,78.4912081666667,NA,NA,NA
"220",220,0,4,4,69.276496,73.233174,5,53.6327844,65.137982,NA,NA,NA
"221",221,0,4,4,60.25545075,72.1478128333333,4,35.38961125,56.4115913333333,NA,NA,NA
"222",222,0,4,4,38.12021575,62.4674546666667,3,55.94445,68.4908853333333,NA,NA,NA
"223",223,0,4,4,71.05253975,76.2526083333333,2,81.03732,81.03732,NA,NA,NA
"224",224,0,4,4,38.75905825,62.6804013333333,3,69.6662143333333,75.3517666666667,NA,NA,NA
"225",225,0,4,4,29.38639,49.2125428333333,11,43.5447112727273,70.2078624363636,NA,NA,NA
"226",226,0,4,4,30.84284175,52.1254463333333,5,69.9099486,77.3816062,NA,NA,NA
"227",227,0,4,4,26.57867725,43.5971173333333,3,77.153449,79.0953846666667,NA,NA,NA
"228",228,0,4,4,67.783559,76.619399,3,39.8995056666667,41.6487606666667,NA,NA,NA
"229",229,0,4,4,38.81694975,59.623695,2,81.03732,81.03732,NA,NA,NA
"230",230,0,4,4,42.219259,65.7352503333333,5,42.8241086,70.306687,NA,NA,NA
"231",231,0,4,4,30.20399875,51.9124986666667,6,71.799801,77.6621486,NA,NA,NA
"232",232,0,4,4,65.704375,75.9263383333333,3,74.7367436666667,77.8870313333333,NA,NA,NA
"233",233,0,4,4,38.7590585,62.6804018333333,3,71.9644966666667,76.500908,NA,NA,NA
"234",234,0,4,4,69.907771,71.6943928333333,4,36.2711085,66.1152491666667,NA,NA,NA
"235",235,0,4,4,71.05254,76.2526088333333,4,71.0525395,76.2526083333333,NA,NA,NA
"236",236,0,4,4,40.92792825,66.2110715,2,63.980663,63.980663,NA,NA,NA
"237",237,0,4,4,73.3989855,78.4912081666667,4,76.3483735,78.0178861666667,NA,NA,NA
"238",238,0,4,4,73.3989855,78.4912081666667,2,81.03732,81.03732,NA,NA,NA
"239",239,0,4,4,46.94078875,65.4076455,2,81.037319,81.037319,NA,NA,NA
"240",240,0,4,4,37.30260725,59.7674993333333,2,81.03732,81.03732,NA,NA,NA
"241",241,0,4,4,53.689339,71.9213263333333,7,56.3511151428571,72.6931982857143,NA,NA,NA
"242",242,0,4,4,71.05253875,76.2526073333333,5,42.0148602,65.6358086,NA,NA,NA
"243",243,0,4,4,71.3198005,77.7981465,5,59.5908716,71.6721056,NA,NA,NA
"244",244,0,4,4,31.714953,49.9369036666667,3,51.408039,59.4180633333333,NA,NA,NA
"245",245,0,4,4,30.05769575,51.863731,7,43.365724,72.7331400952381,NA,NA,NA
"246",246,0,4,4,24.2035705,62.0927371666667,2,81.03732,81.03732,NA,NA,NA
"247",247,0,4,4,71.052539,76.2526073333333,5,63.2686684,74.5537726,NA,NA,NA
"248",248,0,4,4,36.616331,59.53874,5,43.2287206,70.7112986,NA,NA,NA
"249",249,0,4,4,36.517461,59.5057835,4,71.000209,77.6916156666667,NA,NA,NA
"250",250,0,4,4,35.5797635,65.8848015,3,29.5698553333333,50.578156,NA,NA,NA
"251",251,0,4,4,60.25545025,72.1478133333333,6,22.9912481666667,64.5568172,NA,NA,NA
"252",252,0,4,4,73.8803905,78.6516758333333,5,42.328534,69.3187382,NA,NA,NA
"253",253,0,4,4,73.398985,78.4912076666667,5,44.6478066,70.7626118,NA,NA,NA
"254",254,0,4,4,56.19147725,69.3530646666667,5,57.2440014,74.2151194,NA,NA,NA
"255",255,0,4,4,56.1914755,69.3530631666667,4,38.7590585,62.6804018333333,NA,NA,NA
"256",256,0,4,4,50.18395775,61.3430396666667,3,48.556303,64.7968113333333,NA,NA,NA
"257",257,0,4,4,39.098789,67.0578103333333,5,26.4229914,65.0534152,NA,NA,NA
"258",258,0,4,4,53.689339,71.9213263333333,6,52.4617438333333,72.8316524666667,NA,NA,NA
"259",259,0,4,4,38.75905875,62.6804023333333,2,81.037318,81.037318,NA,NA,NA
"260",260,0,4,4,74.1999825,78.7582071666667,3,41.2608306666667,61.1490753333333,NA,NA,NA
"261",261,0,4,4,41.8865345,67.9870578333333,3,59.843181,70.44025,NA,NA,NA
"262",262,0,4,4,30.05769575,51.863731,3,74.7367443333333,77.887032,NA,NA,NA
"263",263,0,4,4,30.20399875,51.9124986666667,4,73.398985,78.4912076666667,NA,NA,NA
"264",264,0,4,4,60.25545075,72.1478128333333,1,NA,NA,NA,NA,NA
"265",265,0,4,4,71.0525395,76.2526083333333,4,41.0248975,64.2975371666667,NA,NA,NA
"266",266,0,4,4,31.987303,49.6069748333333,3,46.6143676666667,60.9129406666667,NA,NA,NA
"267",267,0,4,4,71.3198005,77.7981465,3,32.2238343333333,56.630576,NA,NA,NA
"268",268,0,4,4,20.221212,60.7652833333333,4,57.6315665,71.2731845,NA,NA,NA
"269",269,0,4,4,51.951126,71.341922,2,81.037321,81.037321,NA,NA,NA
"270",270,0,4,4,71.3198005,77.7981465,2,81.03732,81.03732,NA,NA,NA
"271",271,0,4,4,36.0536465,66.0427618333333,5,64.0292156,72.7816916,NA,NA,NA
"272",272,0,4,4,41.8865345,67.9870578333333,2,81.037318,81.037318,NA,NA,NA
"273",273,0,4,4,38.412513,66.829051,6,53.4747146666667,70.4527234666667,NA,NA,NA
"274",274,0,4,4,42.43672125,65.8077376666667,4,52.41239275,67.231513,NA,NA,NA
"275",275,0,4,4,20.221212,60.7652833333333,4,55.2201055,70.9751298333333,NA,NA,NA
"276",276,0,4,4,41.1453245,66.2835365,6,47.2619486666667,72.3387416666667,NA,NA,NA
"277",277,0,4,4,72.27048625,76.1528253333333,3,77.153449,79.0953846666667,NA,NA,NA
"278",278,0,4,4,72.27048675,76.1528248333333,8,44.736744,72.7188545357143,NA,NA,NA
"279",279,0,4,4,76.34837325,78.0178856666667,5,55.8946674,73.877785,NA,NA,NA
"280",280,0,4,4,74.199983,78.7582076666667,5,35.6439534,53.8460912,NA,NA,NA
"281",281,0,4,4,33.427393,52.4871563333333,4,71.319801,77.798147,NA,NA,NA
"282",282,0,4,4,67.78356,76.6194,3,68.81421,70.2003333333333,NA,NA,NA
"283",283,0,4,4,59.304764,73.793134,4,49.871941,70.6488603333333,NA,NA,NA
"284",284,0,4,4,51.0654565,71.0466985,3,77.1534493333333,79.0953846666667,NA,NA,NA
"285",285,0,4,4,31.987303,49.6069748333333,3,77.1534496666667,79.0953846666667,NA,NA,NA
"286",286,0,4,4,41.886534,67.9870573333333,2,81.03732,81.03732,NA,NA,NA
"287",287,0,4,4,71.05253925,76.2526078333333,4,35.17214725,56.339102,NA,NA,NA
"288",288,0,4,4,46.9407885,65.407645,5,67.6058024,76.8055694,NA,NA,NA
"289",289,0,4,4,72.27048575,76.1528243333333,3,52.4459403333333,66.74163,NA,NA,NA
"290",290,0,4,4,52.752123,71.608921,1,NA,NA,NA,NA,NA
"291",291,0,4,4,28.9038335,54.5866695,3,59.8431813333333,70.4402506666667,NA,NA,NA
"292",292,0,4,4,50.1839585,61.3430396666667,5,34.6560432,55.1683276,NA,NA,NA
"293",293,0,4,4,74.199982,78.7582066666667,3,75.8047413333333,78.4210306666667,NA,NA,NA
"294",294,0,4,4,41.886534,67.9870573333333,1,NA,NA,NA,NA,NA
"295",295,0,4,4,37.302607,59.7674988333333,3,18.4244533333333,28.287352,NA,NA,NA
"296",296,0,4,4,46.94078825,65.4076445,4,56.45264325,65.50226,NA,NA,NA
"297",297,0,4,4,39.098789,67.0578103333333,2,63.980663,63.980663,NA,NA,NA
"298",298,0,4,4,41.1453245,66.2835365,1,NA,NA,NA,NA,NA
"299",299,0,4,4,73.3989855,78.4912081666667,5,57.589162,73.9979506,NA,NA,NA
"300",300,0,4,4,46.9407885,65.407645,6,41.959699,67.1896601333333,NA,NA,NA
"301",301,0,4,4,71.0525395,76.2526078333333,4,71.052539,76.2526078333333,NA,NA,NA
"302",302,0,4,4,39.2174495,60.424693,6,46.0373363333333,68.0051863333333,NA,NA,NA
"303",303,0,4,4,74.34967075,76.8458865,3,32.720143,56.8787313333333,NA,NA,NA
"304",304,0,4,4,58.815359,70.2276915,2,71.586456,71.586456,NA,NA,NA
"305",305,0,4,4,74.34967125,76.845887,3,77.153448,79.0953833333333,NA,NA,NA
"306",306,0,4,4,50.95594125,64.31861,4,71.3198015,77.7981475,NA,NA,NA
"307",307,0,4,4,71.3198005,77.7981465,6,56.5856708333333,70.6864592,NA,NA,NA
"308",308,0,4,4,71.86998775,75.6188263333333,5,46.994844,70.4853154,NA,NA,NA
"309",309,0,4,4,35.1721475,56.3391025,3,71.9644986666667,76.5009093333333,NA,NA,NA
"310",310,0,4,4,52.41239275,67.231513,4,65.7043745,75.9263378333333,NA,NA,NA
"311",311,0,4,4,40.927928,66.211071,3,69.666215,75.3517673333333,NA,NA,NA
"312",312,0,4,4,51.0654565,71.0466985,4,6.3638935,56.1461768333333,NA,NA,NA
"313",313,0,4,4,71.0525395,76.2526083333333,3,75.8047413333333,78.4210306666667,NA,NA,NA
"314",314,0,4,4,68.5845575,76.8863995,2,63.980663,63.980663,NA,NA,NA
"315",315,0,4,4,68.5845575,76.8863995,6,50.2651876666667,73.5154256,NA,NA,NA
"316",316,0,4,4,49.871941,70.6488603333333,5,40.9825504,68.4651286,NA,NA,NA
"317",317,0,4,4,41.56677175,66.4240196666667,3,75.8047403333333,78.42103,NA,NA,NA
"318",318,0,4,4,72.27048675,76.1528248333333,6,68.66036,77.0083792,NA,NA,NA
"319",319,0,4,4,68.584556,76.886398,5,66.8807902,76.0805574,NA,NA,NA
"320",320,0,4,4,58.9851735,73.6866041666667,3,71.9644963333333,76.5009073333333,NA,NA,NA
"321",321,0,4,4,74.34967125,76.845887,3,69.6662153333333,75.351768,NA,NA,NA
"322",322,0,4,4,41.56677125,66.4240191666667,6,72.0668006666667,77.8757488,NA,NA,NA
"323",323,0,4,4,52.412393,67.2315135,2,73.188452,73.188452,NA,NA,NA
"324",324,0,4,4,20.221212,60.7652833333333,2,81.037319,81.037319,NA,NA,NA
"325",325,0,4,4,49.871941,70.6488603333333,4,76.34837375,78.0178866666667,NA,NA,NA
"326",326,0,4,4,51.0654565,71.0466985,4,62.228813,74.7678176666667,NA,NA,NA
"327",327,0,4,4,41.886534,67.9870573333333,4,41.566771,66.4240186666667,NA,NA,NA
"328",328,0,4,4,41.1796665,64.349127,3,77.15345,79.0953853333333,NA,NA,NA
"329",329,0,4,4,46.94078875,65.4076455,2,81.037321,81.037321,NA,NA,NA
"330",330,0,4,4,38.81695075,59.6236955,4,57.631568,71.2731855,NA,NA,NA
"331",331,0,4,4,37.5126455,66.5290955,4,56.19147625,69.3530631666667,NA,NA,NA
"332",332,0,4,4,74.199983,78.7582076666667,3,71.964498,76.5009093333333,NA,NA,NA
"333",333,0,4,4,71.319801,77.798147,2,67.428088,67.428088,NA,NA,NA
"334",334,0,4,4,21.5796885,61.2181098333333,6,54.5694165,69.9094088666667,NA,NA,NA
"335",335,0,4,4,35.53233,65.8689893333333,5,43.5061138,70.7806478,NA,NA,NA
"336",336,0,4,4,35.17214775,56.339103,2,63.980663,63.980663,NA,NA,NA
"337",337,0,4,4,36.2711085,66.1152491666667,4,71.05253925,76.2526078333333,NA,NA,NA
"338",338,0,4,4,49.748501,69.1512618333333,5,50.6205474,70.8746282,NA,NA,NA
"339",339,0,4,4,41.56677125,66.4240191666667,5,64.8608902,73.613366,NA,NA,NA
"340",340,0,4,4,56.19147675,69.3530641666667,6,56.2582713333333,70.0493738,NA,NA,NA
"341",341,0,4,4,65.704375,75.9263383333333,5,69.9099484,77.3816062,NA,NA,NA
"342",342,0,4,4,73.398984,78.4912066666667,8,42.042129,70.8011663571429,NA,NA,NA
"343",343,0,4,4,71.05254,76.2526088333333,2,81.037319,81.037319,NA,NA,NA
"344",344,0,4,4,47.280519,69.785053,3,69.3482093333333,71.2683306666667,NA,NA,NA
"345",345,0,4,4,44.400337,68.8249923333333,2,67.428086,67.428086,NA,NA,NA
"346",346,0,4,4,39.434911,60.4971803333333,4,71.052539,76.2526078333333,NA,NA,NA
"347",347,0,4,4,71.3198005,77.7981465,3,71.9644983333333,76.5009086666667,NA,NA,NA
"348",348,0,4,4,73.079394,78.3846773333333,2,63.980663,63.980663,NA,NA,NA
"349",349,0,4,4,72.27048725,76.1528258333333,5,47.8307256,70.3094712,NA,NA,NA
"350",350,0,4,4,34.073448,61.4988253333333,3,69.3482093333333,71.2683306666667,NA,NA,NA
"351",351,0,4,4,71.3198005,77.7981465,4,73.398985,78.4912076666667,NA,NA,NA
"352",352,0,4,4,67.7835595,76.6193995,9,51.5709797777778,72.9622888888889,NA,NA,NA
"353",353,0,4,4,35.579763,65.884801,2,81.03732,81.03732,NA,NA,NA
"354",354,0,4,4,50.18395925,61.3430406666667,3,69.6662146666667,75.3517673333333,NA,NA,NA
"355",355,0,4,4,47.280519,69.785053,6,46.0565286666667,72.5134944,NA,NA,NA
"356",356,0,4,4,45.484337,62.494742,2,81.037318,81.037318,NA,NA,NA
"357",357,0,4,4,71.319801,77.798147,8,28.772315375,69.6769329642857,NA,NA,NA
"358",358,0,4,4,73.3989855,78.4912081666667,6,67.9320683333333,76.1630388,NA,NA,NA
"359",359,0,4,4,33.8602075,54.5898483333333,3,75.8047416666667,78.4210313333333,NA,NA,NA
"360",360,0,4,4,35.532331,65.8689903333333,9,40.7128054444444,62.3320943888889,NA,NA,NA
"361",361,0,4,4,37.611515,66.562051,3,74.7367426666667,77.8870306666667,NA,NA,NA
"362",362,0,4,4,56.680882,72.9185066666667,3,74.7367426666667,77.8870306666667,NA,NA,NA
"363",363,0,4,4,41.1453245,66.2835365,5,40.8414926,64.5553018,NA,NA,NA
"364",364,0,4,4,42.61975675,66.2692483333333,5,61.3695784,71.7162838,NA,NA,NA
"365",365,0,4,4,65.704375,75.9263383333333,6,40.1951471666667,65.1539567333333,NA,NA,NA
"366",366,0,4,4,58.81535925,70.227692,2,81.03732,81.03732,NA,NA,NA
"367",367,0,4,4,59.304764,73.793134,5,63.268668,74.5537718,NA,NA,NA
"368",368,0,4,4,73.398985,78.4912076666667,5,56.6032034,74.0549196,NA,NA,NA
"369",369,0,4,4,39.434912,60.4971808333333,3,52.794163,62.19031,NA,NA,NA
"370",370,0,4,4,71.3198005,77.7981465,6,55.9518803333333,72.3911032666667,NA,NA,NA
"371",371,0,4,4,52.41239275,67.231513,2,81.037319,81.037319,NA,NA,NA
"372",372,0,4,4,65.704375,75.9263383333333,2,67.428087,67.428087,NA,NA,NA
"373",373,0,4,4,52.412393,67.2315135,8,48.02859875,73.4556899642857,NA,NA,NA
"374",374,0,4,4,60.25545,72.1478128333333,6,56.8920621666667,68.3447297333333,NA,NA,NA
"375",375,0,4,4,71.3197995,77.7981455,2,81.03732,81.03732,NA,NA,NA
"376",376,0,4,4,71.869987,75.6188258333333,3,52.4459406666667,66.7416306666667,NA,NA,NA
"377",377,0,4,4,71.000209,77.6916156666667,11,24.5225694545455,68.9100717818182,NA,NA,NA
"378",378,0,4,4,36.218607,66.0977496666667,6,49.264555,72.0061334666667,NA,NA,NA
"379",379,0,4,4,41.1796655,64.3491265,5,62.5216502,73.0285556,NA,NA,NA
"380",380,0,4,4,36.271109,66.1152496666667,5,71.8424698,77.864736,NA,NA,NA
"381",381,0,4,4,71.0525395,76.2526078333333,4,73.398985,78.4912076666667,NA,NA,NA
"382",382,0,4,4,53.6893385,71.9213258333333,4,62.228813,74.7678176666667,NA,NA,NA
"383",383,0,4,4,41.566771,66.4240186666667,1,NA,NA,NA,NA,NA
"384",384,0,4,4,24.2035705,62.0927371666667,4,76.34837325,78.0178856666667,NA,NA,NA
"385",385,0,4,4,23.2310285,42.7615076666667,8,64.233507375,75.7706768928571,NA,NA,NA
"386",386,0,4,4,49.7485015,69.1512623333333,5,63.2686678,74.5537718,NA,NA,NA
"387",387,0,4,4,56.1914765,69.3530636666667,7,43.0908375714286,70.112503047619,NA,NA,NA
"388",388,0,4,4,59.3047645,73.7931345,4,71.3198005,77.7981465,NA,NA,NA
"389",389,0,4,4,41.669072,67.91457,5,59.2704726,71.1915074,NA,NA,NA
"390",390,0,4,4,46.94078875,65.4076455,4,59.3047645,73.7931345,NA,NA,NA
"391",391,0,4,4,52.4123925,67.2315125,4,61.73940775,71.2023746666667,NA,NA,NA
"392",392,0,4,4,68.584557,76.886399,4,49.7485015,69.1512623333333,NA,NA,NA
"393",393,0,4,4,38.07278275,62.4516435,4,36.218607,66.0977496666667,NA,NA,NA
"394",394,0,4,4,71.319801,77.798147,4,58.81535875,70.227691,NA,NA,NA
"395",395,0,4,4,74.199983,78.7582076666667,6,56.3186716666667,70.2592604666667,NA,NA,NA
"396",396,0,4,4,52.41239275,67.231513,3,24.666305,44.323484,NA,NA,NA
"397",397,0,4,4,41.14532425,66.283536,1,NA,NA,NA,NA,NA
"398",398,0,4,4,71.3198005,77.7981465,4,71.86998725,75.6188263333333,NA,NA,NA
"399",399,0,4,4,41.5143035,67.8629801666667,4,71.05253875,76.2526073333333,NA,NA,NA
"400",400,0,4,4,3.684007,43.8817776666667,6,55.8424808333333,73.3476001333333,NA,NA,NA
"401",401,0,4,4,71.869987,75.6188258333333,1,NA,NA,NA,NA,NA
"402",402,0,4,4,74.1999825,78.7582071666667,5,67.6058028,76.8055698,NA,NA,NA
"403",403,0,4,4,38.4125125,66.8290505,5,47.5287338,71.242543,NA,NA,NA
"404",404,0,4,4,74.1999835,78.7582081666667,3,74.7367433333333,77.8870306666667,NA,NA,NA
"405",405,0,4,4,6.78534,56.28666,3,72.120455,72.6544533333333,NA,NA,NA
"406",406,0,4,4,50.18395875,61.3430396666667,2,73.188451,73.188451,NA,NA,NA
"407",407,0,4,4,21.77457725,39.8486051666667,3,69.6662146666667,75.3517673333333,NA,NA,NA
"408",408,0,4,4,72.270486,76.1528248333333,4,74.349671,76.8458865,NA,NA,NA
"409",409,0,4,4,69.2764965,73.2331745,7,33.887244,68.2037304761905,NA,NA,NA
"410",410,0,4,4,57.63156775,71.2731855,3,68.81421,70.2003333333333,NA,NA,NA
"411",411,0,4,4,73.398985,78.4912076666667,7,55.4944418571429,73.7718097142857,NA,NA,NA
"412",412,0,4,4,54.22926,65.4286301666667,5,73.3568778,77.9398784,NA,NA,NA
"413",413,0,4,4,72.270485,76.1528243333333,2,81.03732,81.03732,NA,NA,NA
"414",414,0,4,4,71.0525395,76.2526083333333,4,65.704375,75.9263383333333,NA,NA,NA
"415",415,0,4,4,52.412393,67.2315135,6,51.4845618333333,73.1832641333333,NA,NA,NA
"416",416,0,4,4,38.7590585,62.6804018333333,3,74.7367433333333,77.8870306666667,NA,NA,NA
"417",417,0,4,4,73.0793935,78.3846768333333,1,NA,NA,NA,NA,NA
"418",418,0,4,4,73.398985,78.4912076666667,7,45.7607475714286,63.663554,NA,NA,NA
"419",419,0,4,4,14.749608,58.9414153333333,3,75.8047403333333,78.42103,NA,NA,NA
"420",420,0,4,4,38.7590585,62.6804018333333,4,56.19147675,69.3530641666667,NA,NA,NA
"421",421,0,4,4,34.07766975,54.6623356666667,7,65.8740354285714,75.1047703809524,NA,NA,NA
"422",422,0,4,4,58.81536025,70.2276925,5,63.2686674,74.5537714,NA,NA,NA
"423",423,0,4,4,74.199982,78.7582066666667,7,23.0155152857143,65.0805011428571,NA,NA,NA
"424",424,0,4,4,71.05253925,76.2526078333333,2,81.037319,81.037319,NA,NA,NA
"425",425,0,4,4,74.199982,78.7582066666667,2,63.980663,63.980663,NA,NA,NA
"426",426,0,4,4,74.199983,78.7582076666667,7,60.0312692857143,75.7515723809524,NA,NA,NA
"427",427,0,4,4,55.2201055,70.9751303333333,4,56.853142,66.3032575,NA,NA,NA
"428",428,0,4,4,36.2711085,66.1152491666667,6,57.218332,71.2014466,NA,NA,NA
"429",429,0,4,4,38.0727825,62.451643,8,36.583127,70.3058795714286,NA,NA,NA
"430",430,0,4,4,41.8865335,67.9870568333333,2,81.037319,81.037319,NA,NA,NA
"431",431,0,4,4,74.1999835,78.7582081666667,7,58.8383414285714,74.8649755238095,NA,NA,NA
"432",432,0,4,4,56.680882,72.9185066666667,5,63.2686672,74.553771,NA,NA,NA
"433",433,0,4,4,71.05253925,76.2526078333333,3,75.8047403333333,78.42103,NA,NA,NA
"434",434,0,4,4,71.869988,75.6188268333333,5,40.950543,70.1417542,NA,NA,NA
"435",435,0,4,4,71.3198005,77.7981465,7,58.6768687142857,71.6937646666667,NA,NA,NA
"436",436,0,4,4,56.191477,69.3530641666667,2,67.428087,67.428087,NA,NA,NA
"437",437,0,4,4,71.05253975,76.2526083333333,5,52.6936848,71.3929122,NA,NA,NA
"438",438,0,4,4,28.9038335,54.5866695,3,74.7367423333333,77.88703,NA,NA,NA
"439",439,0,4,4,71.3198005,77.7981465,4,40.47450425,61.8833036666667,NA,NA,NA
"440",440,0,4,4,41.14532475,66.283537,8,53.605189,74.4774453571429,NA,NA,NA
"441",441,0,4,4,51.065457,71.046699,5,42.62898,63.4266234,NA,NA,NA
"442",442,0,4,4,71.3198005,77.7981465,3,30.3518576666667,55.6945893333333,NA,NA,NA
"443",443,0,4,4,58.81535925,70.227692,7,52.45822,74.6038259047619,NA,NA,NA
"444",444,0,4,4,73.398984,78.4912066666667,1,NA,NA,NA,NA,NA
"445",445,0,4,4,73.3989845,78.4912071666667,6,61.2233446666667,74.4054568666667,NA,NA,NA
"446",446,0,4,4,71.319801,77.798147,3,55.9444503333333,68.4908846666667,NA,NA,NA
"447",447,0,4,4,41.17966675,64.3491275,4,58.815359,70.2276915,NA,NA,NA
"448",448,0,4,4,65.7043755,75.9263388333333,1,NA,NA,NA,NA,NA
"449",449,0,4,4,53.6893395,71.9213268333333,4,71.86998725,75.6188263333333,NA,NA,NA
"450",450,0,4,4,52.412393,67.2315135,3,77.1534493333333,79.0953846666667,NA,NA,NA
"451",451,0,4,4,4.5876795,51.6702361666667,5,69.2691508,77.2214068,NA,NA,NA
"452",452,0,4,4,41.56677125,66.4240186666667,5,64.8608904,73.6133664,NA,NA,NA
"453",453,0,4,4,71.0525395,76.2526083333333,3,74.736743,77.8870313333333,NA,NA,NA
"454",454,0,4,4,50.95594125,64.31861,8,41.5096535,71.8051440357143,NA,NA,NA
"455",455,0,4,4,52.41239275,67.231513,6,54.8364158333333,70.3366079333333,NA,NA,NA
"456",456,0,4,4,41.14532425,66.283536,4,73.398985,78.4912076666667,NA,NA,NA
"457",457,0,4,4,49.74850075,69.1512613333333,6,68.5362436666667,77.1696368,NA,NA,NA
"458",458,0,4,4,41.17966625,64.3491265,4,68.584557,76.886399,NA,NA,NA
"459",459,0,4,4,40.78162575,66.1623043333333,2,81.03732,81.03732,NA,NA,NA
"460",460,0,4,4,38.2977905,66.7908098333333,4,76.3483735,78.0178861666667,NA,NA,NA
"461",461,0,4,4,65.7043745,75.9263378333333,5,67.605803,76.8055698,NA,NA,NA
"462",462,0,4,4,30.84284175,52.1254463333333,5,25.9433534,61.6179328,NA,NA,NA
"463",463,0,4,4,52.412393,67.2315135,5,57.9937742,74.4025626,NA,NA,NA
"464",464,0,4,4,68.584557,76.886399,2,38.15025,38.15025,NA,NA,NA
"465",465,0,4,4,34.07766975,54.6623356666667,4,73.398985,78.4912076666667,NA,NA,NA
"466",466,0,4,4,65.7043745,75.9263378333333,1,NA,NA,NA,NA,NA
"467",467,0,4,4,37.302607,59.7674988333333,4,46.4795215,69.5180535,NA,NA,NA
"468",468,0,4,4,71.05254,76.2526088333333,6,54.1850435,72.9902306666667,NA,NA,NA
"469",469,0,4,4,71.319801,77.798147,3,77.1534483333333,79.095384,NA,NA,NA
"470",470,0,4,4,71.05253875,76.2526073333333,1,NA,NA,NA,NA,NA
"471",471,0,4,4,30.67536075,47.8577191666667,4,55.2201055,70.9751303333333,NA,NA,NA
"472",472,0,4,4,71.05254,76.2526088333333,1,NA,NA,NA,NA,NA
"473",473,0,4,4,27.4207635,48.248951,7,55.1938455714286,73.902290952381,NA,NA,NA
"474",474,0,4,4,71.3198,77.798146,3,74.736744,77.887032,NA,NA,NA
"475",475,0,4,4,65.704375,75.9263383333333,4,61.7394075,71.2023741666667,NA,NA,NA
"476",476,0,4,4,67.7835595,76.6193995,4,58.81535875,70.227691,NA,NA,NA
"477",477,0,4,4,71.0525395,76.2526083333333,5,67.6058026,76.8055694,NA,NA,NA
"478",478,0,4,4,42.46498825,66.217658,4,38.7590585,62.6804018333333,NA,NA,NA
"479",479,0,4,4,40.98552875,66.0704753333333,4,73.398985,78.4912076666667,NA,NA,NA
"480",480,0,4,4,32.3853,64.8199793333333,2,81.037319,81.037319,NA,NA,NA
"481",481,0,4,4,71.3198015,77.7981475,5,61.3695786,71.7162842,NA,NA,NA
"482",482,0,4,4,51.0654565,71.0466985,4,57.89273425,67.6893803333333,NA,NA,NA
"483",483,0,4,4,26.46303275,44.7269496666667,3,39.8995056666667,41.6487606666667,NA,NA,NA
"484",484,0,4,4,63.17949875,73.1224955,2,81.037321,81.037321,NA,NA,NA
"485",485,0,4,4,59.85495125,71.6138143333333,4,71.3198005,77.7981465,NA,NA,NA
"486",486,0,4,4,39.0987885,67.0578098333333,4,53.689339,71.9213263333333,NA,NA,NA
"487",487,0,4,4,56.680882,72.9185066666667,4,21.5796885,61.2181098333333,NA,NA,NA
"488",488,0,4,4,27.127619,63.0674203333333,4,59.7771905,67.2779401666667,NA,NA,NA
"489",489,0,4,4,44.4003365,68.8249918333333,3,52.4459403333333,66.74163,NA,NA,NA
"490",490,0,4,4,38.7590585,62.6804018333333,3,69.6662153333333,75.351768,NA,NA,NA
"491",491,0,4,4,50.9559415,64.3186105,1,NA,NA,NA,NA,NA
"492",492,0,4,4,73.8803905,78.6516758333333,4,71.0525395,76.2526083333333,NA,NA,NA
"493",493,0,4,4,72.27048625,76.1528253333333,3,75.8047406666667,78.4210306666667,NA,NA,NA
"494",494,0,4,4,47.972458,66.131828,2,75.211513,75.211513,NA,NA,NA
"495",495,0,4,4,71.05253925,76.2526078333333,3,75.8047403333333,78.42103,NA,NA,NA
"496",496,0,4,4,76.348373,78.0178856666667,6,31.2776046666667,65.2681376,NA,NA,NA
"497",497,0,4,4,21.5796885,61.2181098333333,4,58.815359,70.2276915,NA,NA,NA
"498",498,0,4,4,44.4003365,68.8249918333333,3,71.964498,76.5009093333333,NA,NA,NA
"499",499,0,4,4,76.3483735,78.0178861666667,4,71.86998725,75.6188263333333,NA,NA,NA
"500",500,0,4,4,37.302607,59.7674988333333,2,81.03732,81.03732,NA,NA,NA
"501",1,1,4,4,32.385301,64.8199803333333,3,51.40804,59.418064,NA,NA,NA
"502",2,1,4,4,68.5845575,76.8863995,2,81.037321,81.037321,NA,NA,NA
"503",3,1,4,4,67.783559,76.619399,2,73.18845,73.18845,NA,NA,NA
"504",4,1,4,4,52.412393,67.2315135,3,77.15345,79.0953853333333,NA,NA,NA
"505",5,1,4,4,71.3198015,77.7981475,6,61.2233446666667,74.4054568666667,NA,NA,NA
"506",6,1,4,4,58.815359,70.2276915,4,56.680882,72.9185066666667,NA,NA,NA
"507",7,1,4,4,39.0987885,67.0578098333333,5,57.9937738,74.4025622,NA,NA,NA
"508",8,1,4,4,42.21925875,65.7352498333333,3,71.9644976666667,76.5009086666667,NA,NA,NA
"509",9,1,4,4,38.12021575,62.4674546666667,7,51.8821515714286,74.1525452380952,NA,NA,NA
"510",10,1,4,4,41.669072,67.91457,3,74.7367443333333,77.887032,NA,NA,NA
"511",11,1,4,4,57.6315675,71.273185,3,39.8995056666667,41.6487606666667,NA,NA,NA
"512",12,1,4,4,30.84284175,52.1254463333333,3,74.7367436666667,77.8870313333333,NA,NA,NA
"513",13,1,4,4,71.05253925,76.2526078333333,6,23.259909,64.9333959333333,NA,NA,NA
"514",14,1,4,4,41.39712825,64.4216148333333,7,68.971989,77.0008516190476,NA,NA,NA
"515",15,1,4,4,74.199983,78.7582076666667,4,46.3220635,60.3927461666667,NA,NA,NA
"516",16,1,4,4,68.5845575,76.8863995,4,73.398985,78.4912076666667,NA,NA,NA
"517",17,1,4,4,41.8865335,67.9870568333333,4,51.065457,71.046699,NA,NA,NA
"518",18,1,4,4,41.1453245,66.2835365,3,47.909528,57.6688073333333,NA,NA,NA
"519",19,1,4,4,73.398985,78.4912076666667,2,81.03732,81.03732,NA,NA,NA
"520",20,1,4,4,26.19953325,44.5303846666667,5,69.9099488,77.3816066,NA,NA,NA
"521",21,1,4,4,35.38961075,56.4115903333333,4,50.95594125,64.31861,NA,NA,NA
"522",22,1,4,4,57.231069,70.739187,3,74.7367443333333,77.887032,NA,NA,NA
"523",23,1,4,4,38.75905875,62.6804023333333,5,30.5552282,57.5454322,NA,NA,NA
"524",24,1,4,4,52.412393,67.2315135,4,59.304765,73.793135,NA,NA,NA
"525",25,1,4,4,40.9855285,66.0704748333333,6,58.1727888333333,74.2111824,NA,NA,NA
"526",26,1,4,4,34.07766975,54.6623356666667,4,60.255451,72.1478133333333,NA,NA,NA
"527",27,1,4,4,37.8569045,66.6438478333333,4,33.86020625,54.5898473333333,NA,NA,NA
"528",28,1,4,4,42.43672125,65.8077376666667,4,38.677342,66.9173266666667,NA,NA,NA
"529",29,1,4,4,42.6197575,66.2692483333333,3,69.6662153333333,75.351768,NA,NA,NA
"530",30,1,4,4,45.484337,62.494742,5,52.063011,61.9984352,NA,NA,NA
"531",31,1,4,4,71.3198,77.798146,3,75.8047413333333,78.4210306666667,NA,NA,NA
"532",32,1,4,4,52.752123,71.608921,3,77.153448,79.0953833333333,NA,NA,NA
"533",33,1,4,4,73.3989845,78.4912071666667,5,47.8265178,71.316989,NA,NA,NA
"534",34,1,4,4,41.669071,67.914569,5,41.6720348,69.1546134,NA,NA,NA
"535",35,1,4,4,49.74850125,69.1512618333333,3,32.7201426666667,56.8787306666667,NA,NA,NA
"536",36,1,4,4,57.231069,70.739187,5,48.3164018,70.2985918,NA,NA,NA
"537",37,1,4,4,61.73940775,71.2023746666667,4,65.7043755,75.9263388333333,NA,NA,NA
"538",38,1,4,4,68.5845575,76.8863995,3,75.8047403333333,78.42103,NA,NA,NA
"539",39,1,4,4,45.484337,62.494742,4,76.34837375,78.0178866666667,NA,NA,NA
"540",40,1,4,4,37.6115155,66.5620515,1,NA,NA,NA,NA,NA
"541",41,1,4,4,71.319801,77.798147,4,74.1999825,78.7582071666667,NA,NA,NA
"542",42,1,4,4,74.1999825,78.7582071666667,3,35.5752783333333,49.7779706666667,NA,NA,NA
"543",43,1,4,4,46.9407885,65.407645,5,60.929429,73.9689622,NA,NA,NA
"544",44,1,4,4,65.704375,75.9263383333333,4,37.302607,59.7674988333333,NA,NA,NA
"545",45,1,4,4,35.898878,65.991172,4,73.3989845,78.4912071666667,NA,NA,NA
"546",46,1,4,4,50.183959,61.3430401666667,5,68.8645372,76.8167936,NA,NA,NA
"547",47,1,4,4,23.782124,61.952254,5,19.8536072,54.337163,NA,NA,NA
"548",48,1,4,4,60.25545,72.1478128333333,2,81.037318,81.037318,NA,NA,NA
"549",49,1,4,4,76.3483735,78.0178861666667,4,65.704375,75.9263383333333,NA,NA,NA
"550",50,1,4,4,56.680882,72.9185066666667,2,81.037319,81.037319,NA,NA,NA
"551",51,1,4,4,71.86998775,75.6188263333333,3,53.3281603333333,63.258306,NA,NA,NA
"552",52,1,4,4,74.34967075,76.8458865,6,59.5661598333333,74.7995841333333,NA,NA,NA
"553",53,1,4,4,38.2977915,66.7908108333333,8,30.532092625,66.0690062142857,NA,NA,NA
"554",54,1,4,4,67.7835595,76.6193995,3,77.153449,79.0953846666667,NA,NA,NA
"555",55,1,4,4,72.27048625,76.1528253333333,2,81.03732,81.03732,NA,NA,NA
"556",56,1,4,4,71.3198,77.798146,5,35.941738,53.920538,NA,NA,NA
"557",57,1,4,4,65.704375,75.9263383333333,4,65.7043745,75.9263378333333,NA,NA,NA
"558",58,1,4,4,45.484337,62.494742,3,77.1534486666667,79.095384,NA,NA,NA
"559",59,1,4,4,73.3989855,78.4912081666667,2,81.037319,81.037319,NA,NA,NA
"560",60,1,4,4,71.3198005,77.7981465,4,72.27048575,76.1528243333333,NA,NA,NA
"561",61,1,4,4,74.199983,78.7582076666667,6,27.7295183333333,64.9061632666667,NA,NA,NA
"562",62,1,4,4,46.9407885,65.407645,3,71.9644986666667,76.5009093333333,NA,NA,NA
"563",63,1,4,4,51.0654565,71.0466985,3,77.153449,79.095384,NA,NA,NA
"564",64,1,4,4,73.398985,78.4912076666667,7,60.132832,74.6703892380952,NA,NA,NA
"565",65,1,4,4,41.1453245,66.2835365,6,48.4366325,71.8405487333333,NA,NA,NA
"566",66,1,4,4,6.099064,56.0579006666667,5,56.603203,74.0549192,NA,NA,NA
"567",67,1,4,4,73.3989855,78.4912081666667,4,73.3989845,78.4912071666667,NA,NA,NA
"568",68,1,4,4,30.84284125,52.1254453333333,5,38.7043728,67.8955842,NA,NA,NA
"569",69,1,4,4,30.67536175,47.8577196666667,2,81.03732,81.03732,NA,NA,NA
"570",70,1,4,4,39.434911,60.4971803333333,3,69.6662146666667,75.3517673333333,NA,NA,NA
"571",71,1,4,4,40.92792825,66.2110715,5,66.8807918,76.0805586,NA,NA,NA
"572",72,1,4,4,56.1914765,69.3530636666667,1,NA,NA,NA,NA,NA
"573",73,1,4,4,68.5845575,76.8863995,2,81.037321,81.037321,NA,NA,NA
"574",74,1,4,4,41.8865345,67.9870578333333,4,46.94078875,65.4076455,NA,NA,NA
"575",75,1,4,4,73.3989845,78.4912071666667,0,NA,NA,NA,NA,NA
"576",76,1,4,4,13.190856,47.0507273333333,6,65.288756,73.120137,NA,NA,NA
"577",77,1,4,4,73.398985,78.4912076666667,5,73.3568782,77.9398788,NA,NA,NA
"578",78,1,4,4,56.1914755,69.3530631666667,1,NA,NA,NA,NA,NA
"579",79,1,4,4,68.584557,76.886399,5,60.4225454,72.5037792,NA,NA,NA
"580",80,1,4,4,73.398985,78.4912076666667,4,67.78356,76.6194,NA,NA,NA
"581",81,1,4,4,23.3773315,42.8102753333333,6,59.228982,74.0065843333333,NA,NA,NA
"582",82,1,4,4,57.6315675,71.273185,5,67.6058022,76.805569,NA,NA,NA
"583",83,1,4,4,41.39712825,64.4216148333333,3,71.9644986666667,76.5009093333333,NA,NA,NA
"584",84,1,4,4,38.75905875,62.6804023333333,3,48.556303,64.7968113333333,NA,NA,NA
"585",85,1,4,4,56.1914765,69.3530636666667,7,63.1830862857143,75.7390085714286,NA,NA,NA
"586",86,1,4,4,56.6808815,72.9185061666667,6,50.8452925,72.0628466666667,NA,NA,NA
"587",87,1,4,4,19.11316725,34.2819468333333,6,50.6968158333333,70.9332309333333,NA,NA,NA
"588",88,1,4,4,41.56677125,66.4240191666667,4,71.319801,77.798147,NA,NA,NA
"589",89,1,4,4,73.3989855,78.4912081666667,4,71.869988,75.6188268333333,NA,NA,NA
"590",90,1,4,4,71.3198,77.798146,1,NA,NA,NA,NA,NA
"591",91,1,4,4,71.3198,77.798146,4,71.3198005,77.7981465,NA,NA,NA
"592",92,1,4,4,56.6808815,72.9185061666667,4,58.815359,70.2276915,NA,NA,NA
"593",93,1,4,4,65.7043755,75.9263388333333,4,53.6893385,71.9213258333333,NA,NA,NA
"594",94,1,4,4,71.8699875,75.6188268333333,2,81.037319,81.037319,NA,NA,NA
"595",95,1,4,4,37.9739125,62.4186865,3,68.81421,70.2003333333333,NA,NA,NA
"596",96,1,4,4,74.199983,78.7582076666667,3,77.1534486666667,79.095384,NA,NA,NA
"597",97,1,4,4,41.0248975,64.2975371666667,5,41.7710178,68.662246,NA,NA,NA
"598",98,1,4,4,71.3198,77.798146,6,46.0688323333333,68.1797709333333,NA,NA,NA
"599",99,1,4,4,49.8719405,70.6488598333333,2,81.037319,81.037319,NA,NA,NA
"600",100,1,4,4,71.3198005,77.7981465,4,74.1999825,78.7582071666667,NA,NA,NA
"601",101,1,4,4,36.2711085,66.1152491666667,2,81.03732,81.03732,NA,NA,NA
"602",102,1,4,4,62.779,72.5884975,5,67.2011902,76.4009574,NA,NA,NA
"603",103,1,4,4,38.75905875,62.6804023333333,3,71.9644976666667,76.5009086666667,NA,NA,NA
"604",104,1,4,4,68.5845575,76.8863995,5,56.4370882,72.845877,NA,NA,NA
"605",105,1,4,4,74.199982,78.7582066666667,1,NA,NA,NA,NA,NA
"606",106,1,4,4,59.3047655,73.7931355,4,61.739408,71.2023746666667,NA,NA,NA
"607",107,1,4,4,40.78162575,66.1623043333333,4,72.270486,76.1528248333333,NA,NA,NA
"608",108,1,4,4,71.05253925,76.2526078333333,5,36.605267,67.3708078,NA,NA,NA
"609",109,1,4,4,36.218607,66.0977496666667,4,76.34837325,78.0178861666667,NA,NA,NA
"610",110,1,4,4,49.871941,70.6488603333333,3,35.5752783333333,49.7779706666667,NA,NA,NA
"611",111,1,4,4,39.0987885,67.0578098333333,6,46.6049225,69.2795523333333,NA,NA,NA
"612",112,1,4,4,38.75905875,62.6804023333333,5,60.1313346,74.9369516,NA,NA,NA
"613",113,1,4,4,41.02489775,64.2975376666667,5,62.0815014,75.1210346,NA,NA,NA
"614",114,1,4,4,41.886535,67.9870583333333,2,73.188452,73.188452,NA,NA,NA
"615",115,1,4,4,49.871941,70.6488603333333,4,69.90777025,71.6943923333333,NA,NA,NA
"616",116,1,4,4,41.886534,67.9870573333333,1,NA,NA,NA,NA,NA
"617",117,1,4,4,30.84284175,52.1254463333333,4,73.079394,78.3846773333333,NA,NA,NA
"618",118,1,4,4,67.78356,76.6194,3,75.8047413333333,78.4210306666667,NA,NA,NA
"619",119,1,4,4,42.4367215,65.8077381666667,5,63.2686674,74.5537714,NA,NA,NA
"620",120,1,4,4,41.34948,67.8080386666667,8,40.387865375,72.6476430714286,NA,NA,NA
"621",121,1,4,4,39.098789,67.0578103333333,4,72.270487,76.1528253333333,NA,NA,NA
"622",122,1,4,4,71.319801,77.798147,4,30.05769525,51.86373,NA,NA,NA
"623",123,1,4,4,74.1999825,78.7582071666667,3,69.666215,75.3517673333333,NA,NA,NA
"624",124,1,4,4,55.22010525,70.9751298333333,3,52.794162,62.1903093333333,NA,NA,NA
"625",125,1,4,4,41.17966525,64.349126,3,59.843181,70.44025,NA,NA,NA
"626",126,1,4,4,49.871941,70.6488603333333,5,19.366533,63.2893012,NA,NA,NA
"627",127,1,4,4,58.81535825,70.2276915,2,81.037318,81.037318,NA,NA,NA
"628",128,1,4,4,52.412393,67.2315135,5,46.9948444,70.4853158,NA,NA,NA
"629",129,1,4,4,49.7485005,69.1512608333333,6,47.1393948333333,71.191146,NA,NA,NA
"630",130,1,4,4,65.704375,75.9263383333333,4,71.86998825,75.6188273333333,NA,NA,NA
"631",131,1,4,4,73.398986,78.4912086666667,5,46.9948446,70.4853158,NA,NA,NA
"632",132,1,4,4,55.220106,70.9751308333333,4,73.880391,78.6516763333333,NA,NA,NA
"633",133,1,4,4,35.38961075,56.4115903333333,2,81.037319,81.037319,NA,NA,NA
"634",134,1,4,4,40.47450425,61.8833036666667,1,NA,NA,NA,NA,NA
"635",135,1,4,4,41.1453245,66.2835365,2,81.037319,81.037319,NA,NA,NA
"636",136,1,4,4,59.8549515,71.6138148333333,6,70.046483,77.2856035333333,NA,NA,NA
"637",137,1,4,4,71.05253925,76.2526078333333,5,45.5005286,68.138172,NA,NA,NA
"638",138,1,4,4,56.680882,72.9185066666667,7,35.7020681428571,70.598596,NA,NA,NA
"639",139,1,4,4,71.0525395,76.2526083333333,3,71.9644973333333,76.500908,NA,NA,NA
"640",140,1,4,4,71.8699865,75.6188263333333,3,77.153449,79.0953846666667,NA,NA,NA
"641",141,1,4,4,56.6808815,72.9185061666667,6,60.259221,75.3540331333333,NA,NA,NA
"642",142,1,4,4,72.270486,76.1528248333333,6,32.0968003333333,65.2170804,NA,NA,NA
"643",143,1,4,4,71.869987,75.6188258333333,3,55.9444496666667,68.4908846666667,NA,NA,NA
"644",144,1,4,4,38.412512,66.82905,4,53.689339,71.9213263333333,NA,NA,NA
"645",145,1,4,4,71.05253925,76.2526078333333,4,71.0525395,76.2526083333333,NA,NA,NA
"646",146,1,4,4,51.951125,71.341921,3,48.556303,64.7968113333333,NA,NA,NA
"647",147,1,4,4,49.74850075,69.1512613333333,7,33.5717841428571,64.2740205714286,NA,NA,NA
"648",148,1,4,4,35.898878,65.991172,7,49.6939514285714,72.9294561904762,NA,NA,NA
"649",149,1,4,4,23.782124,61.952254,3,77.153448,79.0953833333333,NA,NA,NA
"650",150,1,4,4,34.077669,54.6623356666667,5,58.8303226,73.444185,NA,NA,NA
"651",151,1,4,4,39.2174495,60.424693,4,57.63156825,71.273186,NA,NA,NA
"652",152,1,4,4,37.302607,59.7674988333333,3,71.964499,76.50091,NA,NA,NA
"653",153,1,4,4,58.815359,70.2276915,5,62.2304406,75.4617284,NA,NA,NA
"654",154,1,4,4,73.398985,78.4912076666667,2,75.211514,75.211514,NA,NA,NA
"655",155,1,4,4,68.5845575,76.8863995,7,61.2833442857143,75.2316703809524,NA,NA,NA
"656",156,1,4,4,53.6893395,71.9213268333333,5,53.6327844,65.1379824,NA,NA,NA
"657",157,1,4,4,74.199983,78.7582076666667,6,41.577382,71.2018286666667,NA,NA,NA
"658",158,1,4,4,71.319801,77.798147,3,52.44594,66.74163,NA,NA,NA
"659",159,1,4,4,71.319801,77.798147,3,77.153448,79.0953833333333,NA,NA,NA
"660",160,1,4,4,38.297791,66.7908103333333,1,NA,NA,NA,NA,NA
"661",161,1,4,4,58.81535925,70.227692,4,38.7590585,62.6804018333333,NA,NA,NA
"662",162,1,4,4,56.19147725,69.3530646666667,1,NA,NA,NA,NA,NA
"663",163,1,4,4,58.81535925,70.227692,2,81.037318,81.037318,NA,NA,NA
"664",164,1,4,4,59.85495125,71.6138143333333,7,62.8101731428571,75.4861412380952,NA,NA,NA
"665",165,1,4,4,41.0248975,64.2975371666667,5,58.9627138,73.1883454,NA,NA,NA
"666",166,1,4,4,42.06449,65.6836605,3,75.8047413333333,78.4210306666667,NA,NA,NA
"667",167,1,4,4,71.05253975,76.2526083333333,3,77.1534486666667,79.095384,NA,NA,NA
"668",168,1,4,4,23.0607245,37.9223331666667,2,73.188451,73.188451,NA,NA,NA
"669",169,1,4,4,65.7043745,75.9263378333333,9,41.8629956666667,71.6273611111111,NA,NA,NA
"670",170,1,4,4,46.94078875,65.4076455,3,71.964498,76.5009093333333,NA,NA,NA
"671",171,1,4,4,46.94078875,65.4076455,7,45.0601977142857,71.2316120952381,NA,NA,NA
"672",172,1,4,4,14.96707,59.0139026666667,4,74.349671,76.8458865,NA,NA,NA
"673",173,1,4,4,55.22010525,70.9751298333333,6,57.7142893333333,74.8450467333333,NA,NA,NA
"674",174,1,4,4,52.41239275,67.231513,2,81.037317,81.037317,NA,NA,NA
"675",175,1,4,4,55.2201055,70.9751303333333,3,77.1534493333333,79.0953846666667,NA,NA,NA
"676",176,1,4,4,50.95594125,64.31861,3,59.8431813333333,70.4402506666667,NA,NA,NA
"677",177,1,4,4,38.297791,66.7908103333333,5,37.6828162,63.3760308,NA,NA,NA
"678",178,1,4,4,6.1464975,56.0737128333333,6,27.8709313333333,68.4605382,NA,NA,NA
"679",179,1,4,4,71.05253925,76.2526078333333,5,38.704373,67.8955846,NA,NA,NA
"680",180,1,4,4,55.220105,70.9751293333333,6,53.8118923333333,71.2457229333333,NA,NA,NA
"681",181,1,4,4,55.2201055,70.9751303333333,3,77.153449,79.0953846666667,NA,NA,NA
"682",182,1,4,4,46.9407885,65.407645,6,33.0268601666667,65.6179892,NA,NA,NA
"683",183,1,4,4,26.57867725,43.5971173333333,3,77.153449,79.0953846666667,NA,NA,NA
"684",184,1,4,4,73.3989845,78.4912071666667,2,3.636574,3.636574,NA,NA,NA
"685",185,1,4,4,38.7590585,62.6804018333333,6,62.7056001666667,74.4349086666667,NA,NA,NA
"686",186,1,4,4,38.412513,66.829051,4,56.19147575,69.3530636666667,NA,NA,NA
"687",187,1,4,4,35.38961075,56.4115903333333,3,69.666215,75.3517673333333,NA,NA,NA
"688",188,1,4,4,57.89273425,67.6893803333333,8,38.34676275,69.9024620714286,NA,NA,NA
"689",189,1,4,4,72.270486,76.1528248333333,4,74.1999825,78.7582071666667,NA,NA,NA
"690",190,1,4,4,71.3198005,77.7981465,7,60.9943354285714,74.2914868571429,NA,NA,NA
"691",191,1,4,4,52.7521235,71.6089215,1,NA,NA,NA,NA,NA
"692",192,1,4,4,61.73940825,71.2023751666667,2,81.037319,81.037319,NA,NA,NA
"693",193,1,4,4,72.270486,76.1528248333333,3,30.3518573333333,55.6945886666667,NA,NA,NA
"694",194,1,4,4,37.30260725,59.7674993333333,6,49.2645553333333,72.0061338,NA,NA,NA
"695",195,1,4,4,30.20399875,51.9124986666667,6,54.7190415,73.0970302666667,NA,NA,NA
"696",196,1,4,4,38.2977915,66.7908108333333,3,71.964499,76.50091,NA,NA,NA
"697",197,1,4,4,35.233022,65.76922,3,77.153448,79.0953833333333,NA,NA,NA
"698",198,1,4,4,67.7835595,76.6193995,1,NA,NA,NA,NA,NA
"699",199,1,4,4,38.81695075,59.6236955,3,69.6662153333333,75.351768,NA,NA,NA
"700",200,1,4,4,42.43672125,65.8077376666667,6,34.0569316666667,65.798122,NA,NA,NA
"701",201,1,4,4,71.0525395,76.2526083333333,4,59.85495125,71.6138143333333,NA,NA,NA
"702",202,1,4,4,71.86998625,75.6188258333333,2,81.03732,81.03732,NA,NA,NA
"703",203,1,4,4,41.56677175,66.4240196666667,6,41.5289741666667,66.5787377333333,NA,NA,NA
"704",204,1,4,4,59.3047645,73.7931345,3,77.1534486666667,79.095384,NA,NA,NA
"705",205,1,4,4,40.88049525,66.1952598333333,7,58.6768687142857,71.6937646666667,NA,NA,NA
"706",206,1,4,4,71.86998725,75.6188263333333,5,71.3731312,77.2036426,NA,NA,NA
"707",207,1,4,4,60.25545,72.1478128333333,5,44.0171886,70.9084168,NA,NA,NA
"708",208,1,4,4,71.05253975,76.2526083333333,2,81.037318,81.037318,NA,NA,NA
"709",209,1,4,4,72.27048625,76.1528253333333,4,59.854951,71.6138138333333,NA,NA,NA
"710",210,1,4,4,17.9761845,48.6458365,4,71.869988,75.6188268333333,NA,NA,NA
"711",211,1,4,4,41.566942,67.880526,1,NA,NA,NA,NA,NA
"712",212,1,4,4,71.052539,76.2526078333333,2,81.037319,81.037319,NA,NA,NA
"713",213,1,4,4,38.75905825,62.6804013333333,1,NA,NA,NA,NA,NA
"714",214,1,4,4,56.45264325,65.50226,3,77.1534483333333,79.095384,NA,NA,NA
"715",215,1,4,4,38.07278275,62.4516435,3,71.9644976666667,76.5009086666667,NA,NA,NA
"716",216,1,4,4,50.18395825,61.3430391666667,4,60.255449,72.1478123333333,NA,NA,NA
"717",217,1,4,4,59.854952,71.6138148333333,4,35.309349,65.794663,NA,NA,NA
"718",218,1,4,4,46.4795215,69.5180535,2,38.150251,38.150251,NA,NA,NA
"719",219,1,4,4,59.85495125,71.6138143333333,3,75.8047416666667,78.4210313333333,NA,NA,NA
"720",220,1,4,4,71.3198005,77.7981465,4,65.704375,75.9263383333333,NA,NA,NA
"721",221,1,4,4,42.4649885,66.2176585,4,58.815359,70.2276915,NA,NA,NA
"722",222,1,4,4,68.584557,76.886399,4,71.05253925,76.2526078333333,NA,NA,NA
"723",223,1,4,4,71.052539,76.2526073333333,4,71.319801,77.798147,NA,NA,NA
"724",224,1,4,4,59.304765,73.793135,5,53.6327842,65.137982,NA,NA,NA
"725",225,1,4,4,71.3198005,77.7981465,6,46.3953733333333,68.0767947333333,NA,NA,NA
"726",226,1,4,4,26.19953325,44.5303846666667,6,46.2503983333333,68.0477994666667,NA,NA,NA
"727",227,1,4,4,55.22010575,70.9751303333333,1,NA,NA,NA,NA,NA
"728",228,1,4,4,71.3198,77.798146,3,27.634932,51.1036313333333,NA,NA,NA
"729",229,1,4,4,55.26885175,66.8147525,7,69.3072301428572,77.4119938095238,NA,NA,NA
"730",230,1,4,4,59.304764,73.793134,4,46.94078825,65.4076445,NA,NA,NA
"731",231,1,4,4,56.45264325,65.50226,3,71.964498,76.5009093333333,NA,NA,NA
"732",232,1,4,4,69.276497,73.233175,3,71.9644963333333,76.5009073333333,NA,NA,NA
"733",233,1,4,4,38.0727825,62.451643,3,75.8047413333333,78.4210306666667,NA,NA,NA
"734",234,1,4,4,68.584557,76.886399,2,43.398015,43.398015,NA,NA,NA
"735",235,1,4,4,41.1796665,64.349127,3,77.1534483333333,79.095384,NA,NA,NA
"736",236,1,4,4,26.3082645,44.6753598333333,2,74.572331,74.572331,NA,NA,NA
"737",237,1,4,4,71.869987,75.6188258333333,4,73.880391,78.6516763333333,NA,NA,NA
"738",238,1,4,4,51.0654565,71.0466985,1,NA,NA,NA,NA,NA
"739",239,1,4,4,6.7853405,56.2866605,5,42.5025042,69.362231,NA,NA,NA
"740",240,1,4,4,41.56677125,66.4240191666667,3,75.804741,78.42103,NA,NA,NA
"741",241,1,4,4,59.3047645,73.7931345,5,43.6545774,70.5143042,NA,NA,NA
"742",242,1,4,4,71.05254,76.2526088333333,3,71.9644966666667,76.500908,NA,NA,NA
"743",243,1,4,4,74.199983,78.7582076666667,3,71.9644976666667,76.5009086666667,NA,NA,NA
"744",244,1,4,4,74.199983,78.7582076666667,6,37.2479771666667,69.7888986,NA,NA,NA
"745",245,1,4,4,52.752123,71.608921,2,75.211513,75.211513,NA,NA,NA
"746",246,1,4,4,73.398985,78.4912076666667,1,NA,NA,NA,NA,NA
"747",247,1,4,4,41.886534,67.9870573333333,3,77.1534486666667,79.095384,NA,NA,NA
"748",248,1,4,4,68.5845565,76.8863985,4,71.3198,77.798146,NA,NA,NA
"749",249,1,4,4,71.05253925,76.2526078333333,1,NA,NA,NA,NA,NA
"750",250,1,4,4,41.56677125,66.4240186666667,4,76.348373,78.0178856666667,NA,NA,NA
"751",251,1,4,4,71.0525395,76.2526083333333,4,39.434912,60.4971808333333,NA,NA,NA
"752",252,1,4,4,71.05253925,76.2526078333333,5,71.6286606,76.3548318,NA,NA,NA
"753",253,1,4,4,58.985172,73.6866026666667,0,NA,NA,NA,NA,NA
"754",254,1,4,4,26.3082645,44.6753598333333,2,81.037319,81.037319,NA,NA,NA
"755",255,1,4,4,71.05253925,76.2526078333333,3,52.794162,62.1903093333333,NA,NA,NA
"756",256,1,4,4,58.815359,70.2276915,7,40.6405225714286,69.4558017142857,NA,NA,NA
"757",257,1,4,4,41.886534,67.9870573333333,4,58.81535875,70.227691,NA,NA,NA
"758",258,1,4,4,71.052539,76.2526078333333,3,75.8047393333333,78.4210293333333,NA,NA,NA
"759",259,1,4,4,38.75905875,62.6804023333333,3,69.6662146666667,75.3517673333333,NA,NA,NA
"760",260,1,4,4,38.7590585,62.6804018333333,7,50.6713825714286,73.5038157142857,NA,NA,NA
"761",261,1,4,4,56.6133875,72.8960095,4,49.871941,70.6488603333333,NA,NA,NA
"762",262,1,4,4,38.75905875,62.6804023333333,1,NA,NA,NA,NA,NA
"763",263,1,4,4,20.9408455,61.0051621666667,4,30.20399875,51.9124986666667,NA,NA,NA
"764",264,1,4,4,76.34837275,78.0178851666667,5,74.1466158,78.4407728,NA,NA,NA
"765",265,1,4,4,61.73940725,71.2023736666667,5,71.8424694,77.8647356,NA,NA,NA
"766",266,1,4,4,68.5845565,76.8863985,5,71.373131,77.2036426,NA,NA,NA
"767",267,1,4,4,26.30826475,44.6753603333333,1,NA,NA,NA,NA,NA
"768",268,1,4,4,73.8803905,78.6516758333333,5,54.337982,72.3211002,NA,NA,NA
"769",269,1,4,4,68.584557,76.886399,5,71.3731322,77.2036434,NA,NA,NA
"770",270,1,4,4,49.8719405,70.6488598333333,1,NA,NA,NA,NA,NA
"771",271,1,4,4,58.815359,70.2276915,5,67.6058026,76.8055694,NA,NA,NA
"772",272,1,4,4,40.781625,66.1623033333333,4,37.97391225,62.418686,NA,NA,NA
"773",273,1,4,4,56.6808815,72.9185061666667,4,73.0793925,78.3846758333333,NA,NA,NA
"774",274,1,4,4,35.433461,65.8360343333333,6,56.1513021666667,72.0241277333333,NA,NA,NA
"775",275,1,4,4,65.7043755,75.9263388333333,3,77.15345,79.0953853333333,NA,NA,NA
"776",276,1,4,4,41.6690715,67.9145695,2,75.211513,75.211513,NA,NA,NA
"777",277,1,4,4,41.1796665,64.349127,3,69.666215,75.3517673333333,NA,NA,NA
"778",278,1,4,4,39.0987885,67.0578098333333,6,62.7056001666667,74.4349086666667,NA,NA,NA
"779",279,1,4,4,71.3198005,77.7981465,4,24.66784375,35.8426836666667,NA,NA,NA
"780",280,1,4,4,23.418424,61.8310213333333,2,67.428088,67.428088,NA,NA,NA
"781",281,1,4,4,35.43346,65.8360333333333,7,44.3953247142857,66.3282614285714,NA,NA,NA
"782",282,1,4,4,71.05254,76.2526088333333,5,56.9722168,71.006094,NA,NA,NA
"783",283,1,4,4,35.5323305,65.8689898333333,4,23.23102875,42.7615081666667,NA,NA,NA
"784",284,1,4,4,39.434912,60.4971808333333,9,32.8122996666667,70.8387867777778,NA,NA,NA
"785",285,1,4,4,58.81535925,70.227692,6,44.9735165,68.3640275333333,NA,NA,NA
"786",286,1,4,4,21.579688,61.2181093333333,3,77.153449,79.095384,NA,NA,NA
"787",287,1,4,4,59.304764,73.793134,4,74.1999825,78.7582071666667,NA,NA,NA
"788",288,1,4,4,38.12021575,62.4674546666667,5,54.9978308,71.968949,NA,NA,NA
"789",289,1,4,4,71.3198015,77.7981475,5,43.7711408,69.6793902,NA,NA,NA
"790",290,1,4,4,35.309349,65.794663,5,59.9823954,74.5962578,NA,NA,NA
"791",291,1,4,4,71.05253925,76.2526078333333,5,54.3379826,72.3211006,NA,NA,NA
"792",292,1,4,4,37.30260725,59.7674993333333,3,71.9644983333333,76.5009086666667,NA,NA,NA
"793",293,1,4,4,55.22010575,70.9751303333333,4,74.199982,78.7582066666667,NA,NA,NA
"794",294,1,4,4,71.052539,76.2526073333333,7,68.971989,77.0008516190476,NA,NA,NA
"795",295,1,4,4,61.73940775,71.2023746666667,7,52.5315734285714,73.1615524761905,NA,NA,NA
"796",296,1,4,4,35.389611,56.4115908333333,2,71.586456,71.586456,NA,NA,NA
"797",297,1,4,4,23.15659925,39.7206225,6,59.2289823333333,74.0065846666667,NA,NA,NA
"798",298,1,4,4,46.94078875,65.4076455,6,60.650336,75.4063744,NA,NA,NA
"799",299,1,4,4,71.319801,77.798147,7,61.6185861428571,75.7190985714286,NA,NA,NA
"800",300,1,4,4,62.2288135,74.7678181666667,3,77.1534483333333,79.095384,NA,NA,NA
"801",301,1,4,4,59.3047645,73.7931345,5,69.2691502,77.221406,NA,NA,NA
"802",302,1,4,4,72.27048625,76.1528253333333,1,NA,NA,NA,NA,NA
"803",303,1,4,4,41.6690715,67.9145695,3,75.804741,78.42103,NA,NA,NA
"804",304,1,4,4,36.2186065,66.0977491666667,2,75.211514,75.211514,NA,NA,NA
"805",305,1,4,4,60.25545,72.1478128333333,0,NA,NA,NA,NA,NA
"806",306,1,4,4,55.220105,70.9751293333333,5,47.9980724,71.9036364,NA,NA,NA
"807",307,1,4,4,71.3198,77.798146,5,43.7711414,69.6793906,NA,NA,NA
"808",308,1,4,4,71.05254,76.2526088333333,3,74.736744,77.8870313333333,NA,NA,NA
"809",309,1,4,4,35.2330225,65.7692205,5,54.5854302,72.0940246,NA,NA,NA
"810",310,1,4,4,71.05253875,76.2526073333333,3,77.1534483333333,79.095384,NA,NA,NA
"811",311,1,4,4,51.9511255,71.3419215,2,81.037321,81.037321,NA,NA,NA
"812",312,1,4,4,56.680881,72.9185056666667,10,45.0271468,72.8947547111111,NA,NA,NA
"813",313,1,4,4,41.0248975,64.2975371666667,1,NA,NA,NA,NA,NA
"814",314,1,4,4,41.14532425,66.283536,5,41.6233354,62.13562,NA,NA,NA
"815",315,1,4,4,59.37669175,66.4769426666667,9,53.4373741111111,74.4856167222222,NA,NA,NA
"816",316,1,4,4,38.297791,66.7908103333333,5,62.0815018,75.121035,NA,NA,NA
"817",317,1,4,4,26.3082645,44.6753598333333,5,67.2011902,76.4009574,NA,NA,NA
"818",318,1,4,4,68.5845575,76.8863995,5,73.356879,77.9398796,NA,NA,NA
"819",319,1,4,4,37.8763445,66.6503271666667,4,43.698181,59.5181183333333,NA,NA,NA
"820",320,1,4,4,71.052539,76.2526078333333,2,81.037319,81.037319,NA,NA,NA
"821",321,1,4,4,71.05253925,76.2526078333333,4,58.815359,70.2276915,NA,NA,NA
"822",322,1,4,4,51.951126,71.341922,7,55.757063,72.099146,NA,NA,NA
"823",323,1,4,4,71.86998725,75.6188263333333,2,71.586457,71.586457,NA,NA,NA
"824",324,1,4,4,26.4630335,44.7269496666667,3,71.9644976666667,76.5009086666667,NA,NA,NA
"825",325,1,4,4,61.739408,71.2023746666667,5,42.3285346,69.3187386,NA,NA,NA
"826",326,1,4,4,69.90776925,71.6943918333333,4,27.42076325,48.2489505,NA,NA,NA
"827",327,1,4,4,51.065456,71.046698,1,NA,NA,NA,NA,NA
"828",328,1,4,4,71.05253925,76.2526078333333,6,59.7990388333333,72.7536756,NA,NA,NA
"829",329,1,4,4,41.56677075,66.4240181666667,2,75.211514,75.211514,NA,NA,NA
"830",330,1,4,4,36.053646,66.0427613333333,3,41.2608306666667,61.1490753333333,NA,NA,NA
"831",331,1,4,4,35.2330225,65.7692205,3,55.9444493333333,68.490884,NA,NA,NA
"832",332,1,4,4,74.199983,78.7582076666667,6,31.6453983333333,56.7200212,NA,NA,NA
"833",333,1,4,4,58.81535975,70.2276915,8,52.39235125,73.9383774285714,NA,NA,NA
"834",334,1,4,4,26.46303375,44.7269501666667,5,45.6805352,71.3242522,NA,NA,NA
"835",335,1,4,4,71.052539,76.2526078333333,7,58.6768687142857,71.6937646666667,NA,NA,NA
"836",336,1,4,4,24.203571,62.0927376666667,6,29.9037376666667,62.0013535333333,NA,NA,NA
"837",337,1,4,4,40.927928,66.211071,2,38.15025,38.15025,NA,NA,NA
"838",338,1,4,4,73.398986,78.4912086666667,3,69.6662146666667,75.3517666666667,NA,NA,NA
"839",339,1,4,4,71.3198005,77.7981465,4,71.86998825,75.6188273333333,NA,NA,NA
"840",340,1,4,4,65.7043755,75.9263388333333,4,38.0727825,62.451643,NA,NA,NA
"841",341,1,4,4,73.398985,78.4912076666667,5,71.3731312,77.2036426,NA,NA,NA
"842",342,1,4,4,71.052539,76.2526073333333,6,57.3424483333333,71.9518339333333,NA,NA,NA
"843",343,1,4,4,40.781625,66.1623033333333,5,52.594933,69.9117724,NA,NA,NA
"844",344,1,4,4,67.7835595,76.6193995,5,61.7611028,74.8006358,NA,NA,NA
"845",345,1,4,4,59.3047645,73.7931345,3,74.7367443333333,77.887032,NA,NA,NA
"846",346,1,4,4,52.4123925,67.2315125,2,73.188452,73.188452,NA,NA,NA
"847",347,1,4,4,38.2977915,66.7908108333333,5,69.9099482,77.3816058,NA,NA,NA
"848",348,1,4,4,76.34837275,78.0178851666667,2,75.211513,75.211513,NA,NA,NA
"849",349,1,4,4,73.880391,78.6516763333333,8,57.69605375,75.0618544642857,NA,NA,NA
"850",350,1,4,4,38.0727825,62.451643,4,76.3483725,78.0178846666667,NA,NA,NA
"851",351,1,4,4,26.3082645,44.6753598333333,1,NA,NA,NA,NA,NA
"852",352,1,4,4,71.86998775,75.6188263333333,6,40.1951471666667,65.1539567333333,NA,NA,NA
"853",353,1,4,4,29.38639,49.2125428333333,3,39.318895,57.265204,NA,NA,NA
"854",354,1,4,4,55.220105,70.9751293333333,5,54.9398558,73.639083,NA,NA,NA
"855",355,1,4,4,58.81535775,70.2276905,3,75.8047403333333,78.42103,NA,NA,NA
"856",356,1,4,4,74.1999825,78.7582071666667,6,62.475586,75.9575060666667,NA,NA,NA
"857",357,1,4,4,55.220106,70.9751308333333,4,74.199983,78.7582076666667,NA,NA,NA
"858",358,1,4,4,51.0654565,71.0466985,1,NA,NA,NA,NA,NA
"859",359,1,4,4,52.412393,67.2315135,4,74.3496705,76.845886,NA,NA,NA
"860",360,1,4,4,71.319801,77.798147,5,54.7848572,66.8660916,NA,NA,NA
"861",361,1,4,4,50.1839585,61.3430396666667,4,71.869988,75.6188268333333,NA,NA,NA
"862",362,1,4,4,55.2201055,70.9751303333333,3,52.4459403333333,66.74163,NA,NA,NA
"863",363,1,4,4,28.9038335,54.5866695,6,49.003181,73.0769436666667,NA,NA,NA
"864",364,1,4,4,46.9407885,65.407645,3,75.8047403333333,78.42103,NA,NA,NA
"865",365,1,4,4,36.517461,59.5057835,7,39.1931197142857,69.8434317142857,NA,NA,NA
"866",366,1,4,4,42.43672125,65.8077376666667,5,71.437858,77.460124,NA,NA,NA
"867",367,1,4,4,40.927928,66.211071,1,NA,NA,NA,NA,NA
"868",368,1,4,4,74.199983,78.7582076666667,6,50.2148705,73.2553628666667,NA,NA,NA
"869",369,1,4,4,65.7043745,75.9263378333333,3,77.1534476666667,79.0953826666667,NA,NA,NA
"870",370,1,4,4,71.05253925,76.2526078333333,2,75.211513,75.211513,NA,NA,NA
"871",371,1,4,4,37.6589475,66.5778621666667,4,53.689339,71.9213263333333,NA,NA,NA
"872",372,1,4,4,41.39712925,64.4216153333333,5,62.230441,75.4617288,NA,NA,NA
"873",373,1,4,4,36.2186065,66.0977491666667,2,81.037321,81.037321,NA,NA,NA
"874",374,1,4,4,46.94078875,65.4076455,4,71.86998825,75.6188273333333,NA,NA,NA
"875",375,1,4,4,71.3198,77.798146,5,73.3568778,77.9398784,NA,NA,NA
"876",376,1,4,4,41.5143035,67.8629801666667,5,54.337983,72.321101,NA,NA,NA
"877",377,1,4,4,59.3047645,73.7931345,4,5.7268335,55.9338235,NA,NA,NA
"878",378,1,4,4,71.05253975,76.2526083333333,5,69.2691502,77.221406,NA,NA,NA
"879",379,1,4,4,74.34967125,76.845887,4,6.000194,56.0249446666667,NA,NA,NA
"880",380,1,4,4,20.438675,60.8377716666667,4,68.584557,76.886399,NA,NA,NA
"881",381,1,4,4,74.199982,78.7582066666667,2,67.428088,67.428088,NA,NA,NA
"882",382,1,4,4,71.052539,76.2526073333333,4,73.880391,78.6516763333333,NA,NA,NA
"883",383,1,4,4,46.94078825,65.4076445,3,69.6662146666667,75.3517673333333,NA,NA,NA
"884",384,1,4,4,38.75905875,62.6804023333333,6,61.5155251666667,75.1894572,NA,NA,NA
"885",385,1,4,4,50.1839585,61.3430396666667,4,58.815359,70.2276915,NA,NA,NA
"886",386,1,4,4,65.704375,75.9263383333333,2,81.03732,81.03732,NA,NA,NA
"887",387,1,4,4,71.3198,77.798146,7,58.8383414285714,74.8649755238095,NA,NA,NA
"888",388,1,4,4,52.4123925,67.2315125,5,66.8807918,76.0805586,NA,NA,NA
"889",389,1,4,4,34.07766875,54.6623351666667,7,62.7037888571429,74.5763955238095,NA,NA,NA
"890",390,1,4,4,61.73940775,71.2023746666667,4,72.270486,76.1528248333333,NA,NA,NA
"891",391,1,4,4,40.8804955,66.1952603333333,3,28.1837323333333,47.80591,NA,NA,NA
"892",392,1,4,4,73.398985,78.4912076666667,6,52.5146546666667,69.300651,NA,NA,NA
"893",393,1,4,4,41.14532475,66.283537,2,75.211514,75.211514,NA,NA,NA
"894",394,1,4,4,49.871941,70.6488603333333,2,81.037319,81.037319,NA,NA,NA
"895",395,1,4,4,42.6197575,66.2692483333333,6,58.366778,73.8265781333333,NA,NA,NA
"896",396,1,4,4,33.8602065,54.5898478333333,4,39.5290775,63.1575728333333,NA,NA,NA
"897",397,1,4,4,38.07278275,62.4516435,3,48.5563033333333,64.796812,NA,NA,NA
"898",398,1,4,4,36.271109,66.1152496666667,5,59.9823954,74.5962578,NA,NA,NA
"899",399,1,4,4,6.567878,56.2141726666667,4,57.63156825,71.273186,NA,NA,NA
"900",400,1,4,4,14.9670705,59.0139031666667,4,51.9511255,71.3419215,NA,NA,NA
"901",401,1,4,4,59.3047635,73.7931335,4,74.1999825,78.7582071666667,NA,NA,NA
"902",402,1,4,4,50.183959,61.3430401666667,6,48.807038,71.9146301333333,NA,NA,NA
"903",403,1,4,4,71.3198005,77.7981465,2,75.211513,75.211513,NA,NA,NA
"904",404,1,4,4,41.1453245,66.2835365,2,71.586456,71.586456,NA,NA,NA
"905",405,1,4,4,41.56677075,66.4240181666667,2,81.03732,81.03732,NA,NA,NA
"906",406,1,4,4,37.97391275,62.418687,6,59.5661588333333,74.7995834666667,NA,NA,NA
"907",407,1,4,4,62.779,72.5884975,3,77.153449,79.0953846666667,NA,NA,NA
"908",408,1,4,4,76.348373,78.0178856666667,6,57.7142885,74.8450464,NA,NA,NA
"909",409,1,4,4,41.6690715,67.9145695,3,74.7367436666667,77.8870313333333,NA,NA,NA
"910",410,1,4,4,42.83721875,66.3417351666667,3,71.9644986666667,76.5009093333333,NA,NA,NA
"911",411,1,4,4,73.398985,78.4912076666667,6,41.5435253333333,67.295441,NA,NA,NA
"912",412,1,4,4,38.7590585,62.6804018333333,5,63.2686678,74.5537718,NA,NA,NA
"913",413,1,4,4,71.8699875,75.6188268333333,3,59.843181,70.44025,NA,NA,NA
"914",414,1,4,4,73.3989845,78.4912071666667,1,NA,NA,NA,NA,NA
"915",415,1,4,4,73.398986,78.4912086666667,0,NA,NA,NA,NA,NA
"916",416,1,4,4,65.704375,75.9263383333333,5,45.8652208,65.0930906,NA,NA,NA
"917",417,1,4,4,71.052539,76.2526073333333,2,81.03732,81.03732,NA,NA,NA
"918",418,1,4,4,71.05254,76.2526088333333,3,76.7273263333333,78.8823226666667,NA,NA,NA
"919",419,1,4,4,71.319801,77.798147,2,73.188451,73.188451,NA,NA,NA
"920",420,1,4,4,73.8803905,78.6516758333333,4,71.869988,75.6188268333333,NA,NA,NA
"921",421,1,4,4,59.854951,71.6138138333333,3,71.9644976666667,76.5009086666667,NA,NA,NA
"922",422,1,4,4,71.05253925,76.2526078333333,4,21.579688,61.2181093333333,NA,NA,NA
"923",423,1,4,4,38.75905875,62.6804023333333,4,31.3427225,49.8128265,NA,NA,NA
"924",424,1,4,4,52.4123925,67.2315125,4,74.1999825,78.7582071666667,NA,NA,NA
"925",425,1,4,4,38.297791,66.7908103333333,3,69.3482083333333,71.26833,NA,NA,NA
"926",426,1,4,4,73.398985,78.4912076666667,4,45.484337,62.494742,NA,NA,NA
"927",427,1,4,4,41.14532475,66.283537,3,52.44594,66.74163,NA,NA,NA
"928",428,1,4,4,23.37733175,42.8102758333333,4,46.94078875,65.4076455,NA,NA,NA
"929",429,1,4,4,73.3989845,78.4912071666667,4,71.3198015,77.7981475,NA,NA,NA
"930",430,1,4,4,41.56677175,66.4240196666667,2,67.428087,67.428087,NA,NA,NA
"931",431,1,4,4,74.199983,78.7582076666667,3,67.7242796666667,71.4678966666667,NA,NA,NA
"932",432,1,4,4,36.218607,66.0977496666667,4,71.319801,77.798147,NA,NA,NA
"933",433,1,4,4,38.313643,66.796095,5,56.9722172,71.0060944,NA,NA,NA
"934",434,1,4,4,41.566771,66.4240186666667,3,52.4459403333333,66.74163,NA,NA,NA
"935",435,1,4,4,59.3047645,73.7931345,2,75.211514,75.211514,NA,NA,NA
"936",436,1,4,4,73.398986,78.4912086666667,4,59.85495025,71.6138138333333,NA,NA,NA
"937",437,1,4,4,71.319801,77.798147,2,81.037318,81.037318,NA,NA,NA
"938",438,1,4,4,56.3612895,72.8119748333333,8,38.945812125,68.8477143571428,NA,NA,NA
"939",439,1,4,4,73.3989855,78.4912081666667,4,71.8699875,75.6188268333333,NA,NA,NA
"940",440,1,4,4,71.869987,75.6188258333333,3,77.153449,79.0953846666667,NA,NA,NA
"941",441,1,4,4,72.27048625,76.1528253333333,5,32.158989,66.2592388,NA,NA,NA
"942",442,1,4,4,71.0525395,76.2526083333333,4,49.7485005,69.1512608333333,NA,NA,NA
"943",443,1,4,4,44.400336,68.8249913333333,5,47.9980718,71.9036356,NA,NA,NA
"944",444,1,4,4,71.3198,77.798146,7,58.3215998571429,75.5810554285714,NA,NA,NA
"945",445,1,4,4,41.8865345,67.9870578333333,5,48.5870672,69.54491,NA,NA,NA
"946",446,1,4,4,17.9761845,48.6458365,3,75.8047403333333,78.42103,NA,NA,NA
"947",447,1,4,4,49.748501,69.1512618333333,5,32.4887374,63.2542782,NA,NA,NA
"948",448,1,4,4,73.398985,78.4912076666667,2,81.037319,81.037319,NA,NA,NA
"949",449,1,4,4,35.01737975,56.2875136666667,5,58.8303226,73.444185,NA,NA,NA
"950",450,1,4,4,35.233022,65.76922,5,30.3328364,50.6537736,NA,NA,NA
"951",451,1,4,4,49.8719405,70.6488598333333,2,81.03732,81.03732,NA,NA,NA
"952",452,1,4,4,37.512645,66.529095,3,71.964497,76.5009086666667,NA,NA,NA
"953",453,1,4,4,71.05253975,76.2526083333333,3,74.7367446666667,77.8870326666667,NA,NA,NA
"954",454,1,4,4,71.86998625,75.6188258333333,3,55.9444506666667,68.4908853333333,NA,NA,NA
"955",455,1,4,4,38.66218175,59.5721056666667,8,31.073015375,66.2281371785714,NA,NA,NA
"956",456,1,4,4,42.43672125,65.8077376666667,3,71.964498,76.5009093333333,NA,NA,NA
"957",457,1,4,4,26.46303275,44.7269496666667,9,33.9860284444444,67.7469873333333,NA,NA,NA
"958",458,1,4,4,21.5796875,61.2181088333333,7,64.5383924285714,75.9648924761905,NA,NA,NA
"959",459,1,4,4,71.05253975,76.2526083333333,0,NA,NA,NA,NA,NA
"960",460,1,4,4,59.854952,71.6138148333333,7,46.8433034285714,68.856686,NA,NA,NA
"961",461,1,4,4,57.231069,70.7391865,4,71.3198005,77.7981465,NA,NA,NA
"962",462,1,4,4,38.0727825,62.451643,8,43.21285325,71.04629,NA,NA,NA
"963",463,1,4,4,71.05253925,76.2526078333333,5,61.6899772,72.196882,NA,NA,NA
"964",464,1,4,4,42.21925775,65.7352493333333,3,69.6662146666667,75.3517673333333,NA,NA,NA
"965",465,1,4,4,58.81535925,70.227692,4,65.704375,75.9263383333333,NA,NA,NA
"966",466,1,4,4,42.4367205,65.8077376666667,2,81.037321,81.037321,NA,NA,NA
"967",467,1,4,4,59.3047645,73.7931345,7,29.4080041428571,62.8306076190476,NA,NA,NA
"968",468,1,4,4,71.0525395,76.2526083333333,4,59.304764,73.793134,NA,NA,NA
"969",469,1,4,4,39.098789,67.0578103333333,5,67.2011908,76.4009578,NA,NA,NA
"970",470,1,4,4,59.3047645,73.7931345,2,63.980662,63.980662,NA,NA,NA
"971",471,1,4,4,26.8441905,51.6018385,6,24.7008726666667,65.2215878666667,NA,NA,NA
"972",472,1,4,4,33.70543825,54.538258,1,NA,NA,NA,NA,NA
"973",473,1,4,4,56.19147575,69.3530636666667,4,69.907771,71.6943928333333,NA,NA,NA
"974",474,1,4,4,65.7043755,75.9263388333333,5,34.6560432,55.1683276,NA,NA,NA
"975",475,1,4,4,36.2186065,66.0977491666667,6,52.208263,71.6423798,NA,NA,NA
"976",476,1,4,4,26.46303275,44.7269496666667,5,64.4207408,75.705845,NA,NA,NA
"977",477,1,4,4,72.270487,76.1528253333333,1,NA,NA,NA,NA,NA
"978",478,1,4,4,53.6893385,71.9213258333333,2,81.03732,81.03732,NA,NA,NA
"979",479,1,4,4,71.05254,76.2526088333333,5,69.2691508,77.2214068,NA,NA,NA
"980",480,1,4,4,71.3198005,77.7981465,0,NA,NA,NA,NA,NA
"981",481,1,4,4,65.704375,75.9263383333333,6,54.1850436666667,72.990231,NA,NA,NA
"982",482,1,4,4,52.412393,67.2315135,4,52.412393,67.2315135,NA,NA,NA
"983",483,1,4,4,60.25544925,72.1478128333333,2,67.428087,67.428087,NA,NA,NA
"984",484,1,4,4,26.8441905,51.6018385,7,37.7807827142857,70.7030872380952,NA,NA,NA
"985",485,1,4,4,35.233023,65.769221,5,54.3570332,71.8087496,NA,NA,NA
"986",486,1,4,4,35.01737975,56.2875136666667,5,69.26915,77.221406,NA,NA,NA
"987",487,1,4,4,41.56677125,66.4240191666667,2,81.03732,81.03732,NA,NA,NA
"988",488,1,4,4,23.5647275,61.8797895,2,81.037319,81.037319,NA,NA,NA
"989",489,1,4,4,71.86998825,75.6188273333333,4,50.1839585,61.3430396666667,NA,NA,NA
"990",490,1,4,4,52.412393,67.2315135,7,56.5799722857143,72.9220554285714,NA,NA,NA
"991",491,1,4,4,74.349671,76.8458865,5,41.891046,65.6048554,NA,NA,NA
"992",492,1,4,4,56.1914755,69.3530631666667,4,62.2288125,74.7678171666667,NA,NA,NA
"993",493,1,4,4,71.05253975,76.2526083333333,5,64.029216,72.7816916,NA,NA,NA
"994",494,1,4,4,52.41239275,67.231513,4,51.951125,71.341921,NA,NA,NA
"995",495,1,4,4,56.680882,72.9185066666667,6,47.0884341666667,68.9084680666667,NA,NA,NA
"996",496,1,4,4,74.199983,78.7582076666667,3,77.153449,79.095384,NA,NA,NA
"997",497,1,4,4,51.0654565,71.0466985,3,74.7853913333333,74.9984526666667,NA,NA,NA
"998",498,1,4,4,6.4131095,56.1625828333333,4,51.065457,71.046699,NA,NA,NA
"999",499,1,4,4,71.86998775,75.6188263333333,7,53.9071245714286,74.0023008571429,NA,NA,NA
"1000",500,1,4,4,42.43672025,65.8077371666667,6,59.5661593333333,74.7995838,NA,NA,NA
